TwitterUserId,Username,InstagramUserId,NumberofPosts,FollowersCount,FollowingCount,Bio,ExternalURL
6,robbrutvan,1031044581,71,543,628,"Chicago | Notre Dame '21 | Founder of AIRosas, Windy City Policy, @roaringshiba, & @rosas.farms rob@chicagoseedbank.com",http://www.liquidmercury.org/
8,demarcuslaney,749703781,0,18,3,,
9,terienne98,193083767,0,1175,374,God | Tx,
11,mynamesjoemama,50670281140,0,0,45,,
12,bbluehoneyy,4307300064,46,691,1116,"â™¡ï¸â˜†ğŸ™ğŸ›ğŸ¦‚
@kateglass.photography",https://linktr.ee/kateglassphotography
13,a11yawareness,57224091062,22,53,1,"Helping you better understand web accessibility for people with disabilities, whether you're a student, teacher, journalistâ€¦ whomever!",
14,gilleechi,215776207,653,2011,2159,If youâ€™re here for nails follow: @gilleechinails ğŸ’…ğŸ¼,
19,ishrajinderjeet,1564719586,316,11823,3627,"Aerospace Engineer
Property Developer & Investor
ğŸ›« 32+ countries
ğŸ  Mauritius | Australia",
21,cadesauce,3156955396,961,407,892,cadesauce,http://cadesauce.com/
22,fernvndooo_,12113738562,3,308,665,,
25,newslitkillah,48316348326,670,18005,581,"Fuente #1 de informaciÃ³n sobre las Ãºltimas noticias de @litkillah.
ğŸ“² Â¡SÃ­guenos en Twitter como @newslitkillah!
ğŸ’¿ | Escucha 'SnipeZ' acÃ¡ â†´",https://wml.link/LitKillahSNIPEZ
31,3brando_,8440054019,0,219,179,,
33,ruthsoller,54538460201,0,32,4,,
34,totalsexhaver,44330688580,795,3269,653,"real life clown
@internetboner",
35,gaslynda,38717153633,0,2,0,,
36,_biglord55,3987693069,306,987,2868,"LLTurbo55
LLScarğŸ’›  LLGottiğŸ©¸
#DaBiggestPlayağŸ¤²ğŸ¿ğŸ«´ğŸ¿ğŸ’«",http://mr.billydeedrawls/
37,glmom73,6945775431,0,12,28,,
39,onlytyl3r,1906987017,0,496,469,,http://twitch.com/onlytyl3r/
42,samyraspfc,8453123523,0,4,0,,
43,hyper_gloss,33212989596,24,50,86,"Aspiring creative director ğŸ‰ğŸŒˆğŸ­
He/him/they/them",https://open.spotify.com/user/1237127110?si=dxUT_JZVSPCwAh-juPU6zA&utm_source=copy-link
44,lsdwn7,40680607965,0,0,8,,
51,sung_minkim,1268696926,0,84,83,,
52,sweetpevv,49321009892,0,57,61,nothing,
54,banditmill,50005988026,20,677,49,"Independent collective creating tv-quality adult animation 
Creating @boxtownofficial",https://www.indiegogo.com/projects/boxtown-an-adult-animated-film-noir-comedy
58,nerdy_3000,612427941,18,148,216,"26
How to stream Eric Nam's Music â¬‡ï¸",https://ericnamstreamingdata.carrd.co/
59,sturnioloteam,57484674987,918,9541,83,Your #1 source for updates and HQ pictures of the Sturniolo Triplets | fan account,https://linktr.ee/Sturniolotriplets
61,verk_t,34826030256,0,0,0,,
62,itsterezcz,631514193,93,26705,334,"Twitch partner
Stream without day offâ¤ï¸ (840+)
Business: terez.herzanova@gmail.com
Ambassador for @enterprise_esports
Socials:",http://itsterez.cz/
63,hannnasofiaa,269678109,764,40883,1706,"Self portraitist | dressmaker | vintage fashion | model | painter | costumer | collector of hats | ğŸ‡¨ğŸ‡¦
hannnasofiaa@gmail.com",https://linktr.ee/hannnasofiaa
64,heygraciela_,191420315,11,426,687,Hourly beep stays on,
68,aprilthedreamer,51313753553,18,14,0,To those who know me.,
69,woodsliger,7320704677,1,0,1,,
70,tuchesuavae,332104302,610,623,7492,"Published PhotographerğŸ“¸,writer,musician,artist,MFDğŸš’/AEMTğŸš‘,EDTğŸ¥,educatorğŸ,sXe. I study various religions & cultures. á£á³á© NativePride",https://issuu.com/terrywatson7/docs/memphis_2fe0cd4cebd3ff
73,gingerrogerss,11549982266,3,256,16,,
76,fontesbieber,44255851380,639,1875,194,"Sua melhor fonte de informaÃ§Ãµes diÃ¡rias no Instagram sobre o cantor e compositor, Justin Bieber no Brasil. ğŸ‡§ğŸ‡·",https://twitter.com/fontesbiebers?t=PYahK8TeYBj1pErx_P4OVw&s=08
77,meghanrusin,1188388,234,1181,989,"bottoms up and the devil laughs
â˜» â˜» â˜» DC transplant",
80,clkayen,1446926828,174,920,508,"11+12 | vampire | less talk.
Criminal-FELIP",https://youtu.be/I1PmrLVSoO0
83,kidpesto,11349158801,37,1259,995,NEW STUFF IS HERE ğŸ™€,https://song.link/agents
88,christians_team,1966565916,14,104,101,"Football
Bffs harry jack max
Taken",
90,taehyunxg,2313047957,20,38,1,,
92,hoshiiitan,6088899896,6,430,307,"ğ˜¾ğ™¤ğ™¨ğ™¥ğ™¡ğ™–ğ™®ğ™šğ™§ ğ™–ğ™£ğ™™ ğ™¨ğ™©ğ™§ğ™šğ™–ğ™¢ğ™šğ™§ ğ™¤ğ™£ ğ™©ğ™¬ğ™ğ™©ğ™˜ğ™!
â€¢ ITA/ENG â€¢
ğŸ® LoL/Genshin Impact/Fortnite ğŸ®",https://linktr.ee/hoshiiitan
94,bashairali,144933010,0,1,10,,
98,heyitsbennett,48957630,493,1819,1281,26 â€¢ NYC â€¢ stay curious,
100,liirbl,39944333120,0,2,116,,
101,aespahw,54568725203,0,0,0,everyday men disappoint me,
102,garrettholmes,198407,2196,988,13,Follower of Jesus â€¢ Husband to @garrettswife  â€¢ dad to #FabFive â€¢ Pastor @towerschurch,https://youtu.be/w9OqyjBIkpA
104,mehlouddoe,356590616,21,2624,3228,Nynyâ¤ï¸    LLMOOğŸ•Šï¸ğŸ’”.    HairPage-@lavishedher,
108,rekszn,4981166927,3,913,943,hip hop enthusiast â€¢ sound engineer â€¢11:11 â€¢,http://twitter.com/rekszn
109,paolaaanicole,187553275,192,269,366,Cuanta discriminaciÃ³n en un mundo de imperfectos.,
110,alex_scotian,7406092897,0,55,42,,
111,adamtgorham,725585065,6083,21652,4836,Your friendly neighbourhood comic artist. Send queries to adam.gorham@live.ca,http://www.adamgorham.bigcartel.com/
113,tierneyyyy,34182458,0,1,20,,
114,janet420,201819888,6,10,0,,
118,salehmarey,4812070687,34,462,2347,,
119,djhermanpr,36727711871,24,252,235,"(New Account)
Radio Personality - Music Producer - LMM DJ
ğŸ’¡Keep Your Dreams AliveğŸ‘ #GAOTU",https://djhermanpr.com/
120,aragornshope,7746183614,183,1742,6309,"Multifandom. No reposts. I use VS.
20.01.21ğŸ’â™¡
ğŸªHeaven is a place on Earth
 with you... @angst.vsp",https://aragornshope.carrd.co/
123,dasiashadee,196826843,1,2859,526,sc : bbyy.shadee,
124,paperdabba,6992547122,22,23,9,,https://paperdabba.com/
125,lukelietome,557540103,38,159,76,"ROWYSO: 7/21/15 ğŸ–¤
SLFL: 9/3/16 â¤ï¸
MYT: ??",
126,gracemonroy99,6769556169,5,601,486,Poet and poetry in the works. Here to expand my know-how and share my words with any and everyone who relates.,
127,jhsokluuv,55982990045,6,288,384,"Cuenta de colecciÃ³n y mas<3
ê•¤ Û°ğŸŒ·â¸¼ @uarmyhope â™¡ Û« Ö´Ö¶Ö¸ à£ªğ“‚…â€¹Â âŠ¹  from chileğŸ¡ğŸŒ·
Envios por correo y starkenâ™¡",
128,coolmom42069,4687908292,0,0,0,i'm a cool mom,
132,parkjiminusa95,52360934440,212,558,2,"USA Fanbase for BTS Jiminâ€¢Daily Updatesâ€¢Achievementsâ€¢Newsâ€¢US Sales & Chartsâ€¢Radioâ€¢Streamingâ€¢Polls
Paypal:usaparkjimin@gmail.comâ€¢ Twt:ParkJiminUSA95",
133,blindedbylust,978803625,14,9,19,Under Construction... New to this but will be posting plenty soon. ğŸ’ŸğŸ’„ğŸšºğŸŒˆ KIK: Beautifulpoison_,
139,markclayburne,2002168359,18803,701,275,My name is Mark Clayburne and I am passionate about the weather and technology. My hobbies include traveling and photography.,
147,tensmitten,1703607558,9,47,82,"INFP-T. 10vely. WayZenNi
ğŸ¦: tensmitten",http://discordapp.com/users/tensmitten
148,thuggymontana,48438358834,4,0,0,,
150,jordanliles,1698201,624,287,315,,https://www.snopes.com/author/jordan
154,fuckingthing,2875150274,1,22,108,Here you can found butifull places ğŸº,
155,jaylynnnxo,1174532346,43,2292,631,â™‹ï¸,
158,thewatersoflove,45250121266,38,57,55,The Waters of Love is a sexy and honest romp of a trilogy through the music industry from 1948 to 2013. Self publishing one day? Say hi to Ms QT!,https://twitter.com/TheWatersOfLove
163,gynojames,41203634280,0,1,107,,
165,debraboutique,5704491381,195,541,559,Un lugar donde podes encontrar todo y armar tu propio Estilo... Resistencia Chaco.,
167,oli_via409,45318823327,0,0,2,,
170,carlagannis,355932404,3606,6454,5374,Moonwalking through the metaverse // collaborator with @cdotadotrdotldotadot // â€œI touch the future. I teachâ€ at @nyutandon @idmnyu,https://linktr.ee/carlagannis
174,alotohomerun,56883137596,3,129,35,"A fan lead campaign to help secure a Season 2 Renewal for Amazon Prime's ""A League of Their Own"" (@LeagueOnPrime) migrating from Twitter",
178,byronwalker5,13952434714,1,39,58,,
180,loreleijames,51794982,206,144,388,,
183,thegrayfalcong,57184426930,29,1,0,"- ğŸ§ 3xVideos a dayğŸ§ -
Clips that improve your life
So you could achieve anything",http://tiktok.com/@TheGrayFalconG0
184,lashay_tlg,186135692,40,1442,967,"SDâ˜€ï¸
Licensed Esthetician 
I love myself so I can love you.",
188,kaleidoskullz,5583833146,7274,59,85,"Clurge Pingus dont gaf
#lexmimbus you WILL listen to the mimbusesâ€¦..
#imagesthatmyfriendssaidareme ğŸª¤",
192,yascowboy,308362474,12,2713,1239,@spaceboycowboy,
194,manojprabakaran,1525681947,13,153,155,,
195,firearmsteacher,10429780682,82,11,41,,
197,cheaptarts,15125814,14605,984,448,"Dallas, Texas ğŸ“š â€œTwo roads diverged in a wood, and I - I took the one less traveled by, and that has made all the difference!â€ R. Frost",
198,spantonsamba,1603033812,78,1042,172,,
203,mecia2000,3666349177,2,62,167,,
205,asitwasdarling,3981445664,22,32,194,,
207,djblaster,527525244,445,6236,3224,"Yes: I Opened for Rihanna, Ice Cube, Busta Rhymes Mac Miller & etc. Bookings@DjBlaster.com - (514)550-5377. #NDG #CoreDjsWorldWide  #yuuuuuuuuuup ğŸ‡¹ğŸ‡¹",http://www.twitch.tv/wwwdjblastercom/
208,seedsofculture,2179206883,5,47,51,"Seeds of Culture provides cultural sustainability through visual art, accessories, home decor, and photography.
-Page Hill",
216,tausiinsider,51878174679,2749,34,5,"Tausi Insider is dedicated to providing high quality, most useful information and advice on topics that are most important to our readers.",https://tausi.news/
219,alejandro_glvs,8702010377,88,3221,444,,
220,samulangitnawa,48275741881,3,28,30,"Coffee, cigarettes and onigiri.",https://twitter.com/samulangitnawa?s=01
221,mrzeus98,8178396882,0,0,0,,
222,tlo88,51268097384,1,0,29,,
226,prabalkghosh,3208995854,8,125,740,,
228,missy_gardiner,184277302,122,682,645,Searching for my happy place ~ Flower child ~ Nature loverğŸŒ±~ Animal activist ~ Music is everything. ğŸ’œ,
234,ty_olsen,1956331855,0,891,757,GHS 2023,
240,dwarner1220,3107195321,15,4,34,Write your own story create your own fate,
241,grazmakes,3961244616,426,12773,1900,"One of the guys on @netflix â€œMaking Funâ€
I'm Graz and I make all sorts of things, including puns
For business inquiries Grazmakes@gmail.com
Salem, MA.",https://linktr.ee/Grazmakes
242,rocco__rola,6120756122,0,4,0,,
243,flocrave,54081861028,52,142,36,"posting daily updates on the BRIT award-winning girl group, @flolikethis ğŸ¤
pre-save â€˜FLY GIRLâ€™ now:",https://presave.umusic.com/floflygps?fbclid=PAAaY0UqJFdbjBMHArObBCAU6_bgyTxk_YddEgUgFSxkN80sWnTkxQSahbMOQ
247,iamcyclo,313671972,225,2609,1431,Creating Worlds. Exploring Dimensions. Traveling Space.,http://www.iamcyclo.com/
248,kem9z,1550913308,0,111,75,23,
251,nuzray_,8257149776,0,13,2,,
253,louslittlegay,55045844421,0,46,202,"full time wh0re ğŸ’‹
main: @maxlou_28",
255,gihadidarg,48679942432,1966,1645,502,"Bienvenidos a la primera cuenta de updates dedicada a la supermodelo @gigihadid desde Argentina! ğŸ¦‹ğŸ«¶ğŸ¼âœ¨
Todas nuestras redes ğŸ‘‡ğŸ¼",https://giihadidarg.carrd.co/
256,kehlanifiles,53138051028,0,0,0,,
258,v1ntages,513007356,0,0,0,,
259,77fenrir,47317375122,29,0,1,"ğŸŒ›Personal Blog
LonelinessğŸ‘£
âš ï¸Spoiler Alert !!!
Go Fuck YourselfğŸ¤—",
265,imthatdude501,20485895,439,3614,497,"Two kiiiiids ğŸ¤·ğŸ¿â€â™‚ï¸ğŸ‘¨â€ğŸ‘§â€ğŸ‘¦ I'm not a photographer, but I took some pictures I hit and runğŸ™ğŸ½ like Ian got insurance ğŸ¤¦ğŸ¿â€â™‚ï¸ â“‚ï¸aâ™¿ï¸Side imthatdude501|ğŸ‘»â€¢ğŸ³",http://loveislifeandlifeisliving.com/
270,sareythefairy,6943014045,286,2135,2671,"â€¢ BLM â€¢ Godless Pagan â€¢ ğŸ³ğŸ³ï¸â€ğŸŒˆ â€¢ INFP-T â€¢ 
-Comparison is the thief of joy-
Business acc:
ğŸƒğŸ”® @simplysarey ğŸ”®ğŸƒ 
ğŸ‡¨ğŸ‡¦",
271,thenailslifes,51888177973,488,8293,726,"ğŸ”¥ | Seu guia diÃ¡rio de Nails  
ğŸ—½ | Inspire-se com dicas e tutoriais 
Olha os stories ğŸ‘Œ
ğŸ‘‡MAIS CONTEÃšDOğŸ‘‡",https://bit.ly/the-nails-lifes
273,zarttonx81,7713933445,193,577,560,"GermanğŸ‡©ğŸ‡ª | 19 | he/himğŸ³â€ğŸŒˆğŸ³ï¸â€âš§ï¸ | Hobbyartist | commissions open
Rest in peace Technoblade. You will never dieğŸ·
Profile pic: @kerokuu",https://linktr.ee/zarttonx81
274,joemillennial,1722980331,6,1,13,Just your average Joe 20-something year old ğŸ’ªğŸ‘¦ğŸ‘,
276,driverslivcense,48082694686,0,9,1,STREAM SOUR!ğŸ’œ,
277,tiacorine,30768075,100,178757,1049,"FreakyT ğŸŒ™âœ¨
SCMG 
FREAKY T VIDEO ğŸ¤ªğŸ’–
LINK ğŸ‘‡ğŸ½",https://youtu.be/05p68g4L8-E
281,arianalupascu,5748304182,0,0,0,,
284,meganplain,143684477,167,2413,906,"PHX Sports
ğŸ“ Scottsdale ğŸŒ SoCal raised
Retired @ASU_Baseball media HR derby champ 
#seamheadâš¾ï¸   â€ ",https://linktr.ee/meganplain
285,craigconklin,56840871595,28,384,1920,"El Paso, TX.  #EPTX #915 â›³ï¸ğŸ•ğŸŒ®ğŸ”ğŸ‡ºğŸ‡¸",
287,tvablogger,1618244063,30,885,823,"- Latest updates andÂ news of Animation and VFX (Visual Effects) industry 
- Jobs
- Gaming
- AR & VR
- Webinars, Events
- Software Hardware
- Making of",https://thevirtualassist.net/
291,concannock,8442499427,316,421,453,Commissions currently closed. â€¢ shop gremlin & apprentice  @marloweinktattoo â€¢ @concannontattoos for apprentice stuff!,
295,tiffany2hearts,55091584183,0,0,0,,
296,jackrobinson989,52657405460,0,0,0,,
297,dunkinradi0,1465698058,27,279,534,,http://twitter.com/dunkinradi0/
300,black_hawk_5,1166853879,10,38,12,"http://vk.com/black_hawk_music
http://vk.com/sport_eto_vsio
http://vk.com/genius__art
http://vk.com/blackhawkcollectiontv",
304,gigihadidbr,2066922586,0,2,2,,
308,danvzla,22762674,9537,856,1746,,
310,notjorjor_,55048103659,3,12,5,,
311,cryptflower,409445733,0,3,1,,
312,kimgarst,2177395,4430,63805,1990,"ğŸ‘‰Online Business Expert
ğŸ¬ Content Creator
ğŸ¤ Keynote Speaker
ğŸ“• Best Selling Author
ğŸ™ğŸ¼ Loves #Jesus, family, 
ğŸ‘ SHOES and ğŸ’hockey!",http://kimgarst.com/igbio
313,clapz23,52678371932,8,83,253,Twitter @Clapz23 + editor @bluejaysrecap,
314,snatchdsiren,212888721,2353,1352,962,30 ğŸŒ» II TX ğŸ“II Twitch Affiliate ğŸ’œ II Makeup ğŸ’„ II Pan ğŸŒˆ,http://www.twitch.com/snatchdsiren/
318,itsjeffepstein,2855197456,1829,55225,918,Real name ğŸ’ğŸ¼â€â™‚ï¸,https://lnk.bio/jeffepstein
319,yuutafication,50712579814,10,19,29,"semi-selective spam + character dump  # 18 + !!
         yoimiya + shinobu haver
*@holyrockrpg / @bennysburgers2",
320,madeyoulook76,9253826969,0,26,836,,
322,youngii_muller,49858822579,40,4155,491,Son of the soundâ€¦..ğŸ”ŠğŸ”Š,https://youngii.fanlink.to/love-me-tonight
323,exsky__,47796217186,0,33,29,,
332,ryanfromok,11647510569,38,264,508,OKâ¡ï¸CO ğŸ“¸ #canoneosr #iphone12pro,http://twitter.com/ryanfromok
334,richjrunning,193522819,302,346,1085,"Constantly fighting the battle of finding balance between beer and exercise
#running #ultrarunner #trailrunner #instarunner #garmin #nike #ronhill",https://www.richrunning.co.uk/
335,ericpare,317890909,0,46,45,,
341,pavilm,252846265,219,1043,647,,
342,outofmanna_,22729560058,144,560,583,"jumped inside the blender now drink me
ğŸ“¸ğŸ³ï¸â€âš§ï¸",https://linktr.ee/lindenreid
345,thetarotman,1628988060,2112,779,130,The Psychic Witch.  Psychic Reader at @catlandbooks and @notionspotions  Various Psychic Services.  NO DMs.  thetarotman@bluetiehome.com.  Thank you,https://thetarotman.wordpress.com/2023/03/05/notions-n-potions-march-2023/
346,gaybeatle,52626265308,204,670,10,"paul mccartney understander
~~~~~
ğŸ“brooklyn, ny 
ğŸ§‘â€ğŸ’»@ariisrael.png
â„¢ï¸ all original content",
348,jonzarlengz,1496220775,265,258,3710,Canada ğŸ‡¨ğŸ‡¦ğŸ‡®ğŸ‡¹ | Age: 25 | Gemini â™Š | Geek | Gamer ğŸ® | Fan of EDM & DJ'ing ğŸ§ğŸµ | PSN: chopperbut | Twitter: @JonZarlengz | Secondary IG: @dj_skullyz,https://linktr.ee/JonZarlengz
349,mlbonfax,52731159808,820,7266,307,"#1 trusted source in MLB news, as far as we know. Parody account. Got a fax? DM",https://www.tiktok.com/@mlbonfax
353,ftcrcloth,1270182766,807,1324,106,"S-Town Based Anti Wars Streetwear since'13
Knowledge Dominate
Catalog page @ftcr.catalog",https://linktr.ee/Houseofbrand
355,hookedondreya,11315931260,4,1234,922,I dnt add fake pages or bitches idk so SCRAMMMğŸ˜Š,
356,hbthrowbacks,28971748500,10290,620,664,Throwbacks of Hailey Baldwin @haileybieber on this exact day! *FAN PAGE / NOT IMPERSONATING ANY CELEBRITY OR PUBLIC FIGURE*,
358,bumpkinstv,2093129764,1612,606,746,"Single dad ğŸ‘¨â€ğŸ‘¦
Full-time nerd ğŸ¤“
Comic Book lover ğŸ“š
I also run @historyofmarvelcomics!",https://linktr.ee/bumpkinsTV
360,rahkimsabree,7119727102,750,13080,2060,I help you overcome financial trauma & accomplish your financial goals | CFEIÂ®ï¸RFCÂ®ï¸AFCÂ®ï¸Candidate | Join my Substack ğŸ‘‡ğŸ¾| #FinancialWellness,https://linktr.ee/RahkimSabree
362,theangryvirgo,570007407,116,148,281,I only post on here for attention          ğŸ¤™ğŸ»ğŸ’›ğŸ’ğŸ»â€â™€ï¸,
365,djoverdrive3,40962709852,4,1,1,,
367,sovereignpath,49065904889,1,1,16,,
368,nalgene,413211134,2481,111612,214,"A trusted companion to your everyday adventures, #Nalgene products are born from science & made in the USA since 1949.",https://linktr.ee/Nalgene
372,g_idleph,7581816513,5622,432,28,Philippine fanbase for CUBE Entertainmentâ€™s girl group @official_g_i_dle | Est. March 2018,https://www.facebook.com/G.IDLEPHOFFICIAL/
373,josephbassey10_,9840762703,4,502,257,"I'm Destiny's Child, every day I survive",
376,transitarium,7263425208,26,32,520,making art or whatever â€¢ call me whatever you know me by â€¢ banned from 14 rock and mineral halls across the country for eating the calcites,http://crouton.net/
377,itsjusttliv,47964191313,0,55,59,itâ€™s js liv.                                                                           3 siblings,
379,hervekurtis,990386135,15,1917,580,"Music producer ğŸ¹ğŸ’»ğŸ§
ğŸ“BE ğŸ‡§ğŸ‡ª
CrÃ©dits:Fally Ipupa, Ya Levis, Alonzo, BolÃ©mvn, S.pri Noir, Leto, Hiro, Ronisia, Bianca & more 
ğŸ“¥kurtisprod@gmail.com",
380,00v4l,5319264806,3,130,116,,
381,murraypalooza,336509576,1587,744,573,"Philadelphia original, now based in Culver City, CA
(may also be a horrible karaoke singer)",
384,other_allison,7369984975,10,18,6,"I Post when I canğŸ‘ğŸ™ŒğŸ¤
ğŸ‰You can Underestimate Me at Your Own RiskğŸ‰
 
My other Account @_always_being_that_friend",
390,vvlieberman,43097158986,0,0,0,,
393,thetraffy,1572661882,0,0,0,,
399,daokwondo,56849547298,0,152,0,"-Blockchain â›“ï¸ Capitalist- Defi & Web3ğŸŒ 
ğŸŠâ€â™‚ï¸Drowning in OpenSeağŸŒŠ",
402,mintwaveradio,38999633501,683,382,979,Mintwave Radio is a new fresh inspiring station 24/7,https://mintwave-radio.com/
406,avvatrice,56693922753,7,62,12,Fan accounts dedicated to Avatrice,https://www.tiktok.com/@kiairam?_t=8XJYJd2MhsR&_r=1
407,damiensupremacy,58023760092,4,14,11,"Ptpom 
Damien is our one true love ğŸ¥°ğŸ˜˜ğŸ˜˜ <3
Damien is happily married to Hobo Johnson. Please stop sending feet pics!",
409,soul_dispatch,45088873224,4,41,1,Free Lance Parking Authority Tow Tagging ğŸ· Re:The Rapist Therapist ğŸ’³ (24hr Hotline)ğŸª1(313)END-DEADğŸªšDexter AcademyğŸ©¸Phd. Classified ProfilerğŸ—ƒ,
413,bmurphypointman,39191197611,139,5308,108,#advocate #missingperson #missingchild | #marketing #fundraising #business #news #promotion | #BMPRT #PointmanRT |,https://beacons.ai/brettmurphy
414,robertarandow,418628994,289,731,699,"â˜† ğ“¡ğ“²ğ“¸      ğŸ“ğ“•ğ“µğ“¸ğ“»ğ“²ğ“¹ğ“ª  
áµ–áµ‰Ê³â±áµ—áµƒ á¶œÊ³â±áµâ±â¿áµƒË¡
ğŸ–¼ áµƒÊ³áµ— ğŸ¦‹ â¿áµƒáµ—áµ˜Ê³áµ‰ ğŸŒ¿ áµ–áµ˜á¶»á¶»Ë¡áµ‰ ğŸ§© áµÊ¸áµğŸ‹ğŸ½â€â™€ï¸",https://www.linkedin.com/in/robertarandow
415,mmarcinkrupa,285856896,174,4929,132,"ğŸ”± love to travel. âœˆğŸ›©
? Why so serious. ğŸ¤£
? Why so sad ğŸ˜… 
Subs welcome ğŸ‘‡",https://youtube.com/c/MMARCINKRUPA
416,kat_films,1465453811,71,7579,2422,"Wedding Filmmakers & Photographers
Documenting Real LovE Stories â¤ï¸
Based in England & Netherlands 
Amsterdam - 0633384821 katfilms.nl",http://www.katfilms.co.uk/
418,annagrjj,39240638345,0,1805,1494,"21/02ğŸ’˜ | infp
@formation_models ğŸ§¸ğŸ’­",https://vsco.co/annagrjj/gallery
419,letsplaygamez11,7709092524,161,253,580,"Hey All, Zack Here! 
â€¢EHT '23 ğŸ“â€¢
â€¢18â€¢
â€¢Creator of @retoldseriesâ€¢",https://youtu.be/LrTwMsAf1t0
422,asiavsxo,5399482016,18,1142,1006,"IT GIRL âœ¨
Godâ€™s favorite. ğŸŒˆğŸ•Šï¸
â€­â€­Proverbsâ€¬ â€­31â€¬:â€­25â€¬ğŸ’‹",
425,cass_lyons,258612002,33,490,457,,
426,jessykaia,183898350,46,6916,4407,ğ‘ ğ‘¡ğ‘Ÿğ‘’ğ‘ğ‘šğ‘’ğ‘Ÿ â™¡ ğ‘‘ğ‘ğ‘›ğ‘›ğ‘¦ â™¡ ğ‘”ğ‘ğ‘šğ‘’ğ‘Ÿ â™¡ ğ‘ğ‘œğ‘“ğ‘“ğ‘’ğ‘’ â™¡ ğŸ€,
427,abbxterz,14319586362,6,383,354,23 LA,
429,naygarcia7,17753396,964,454,1140,Podcaster... ğŸ™ ğŸ§ğŸªJunniverse ğŸª ğŸ’œ âŸ­âŸ¬ BTS ARMY âŸ¬âŸ­ ğŸ’œ ğŸ–¤ğŸ¥€BLACK ROSE ğŸ¥€ğŸ–¤ â“‚ï¸MONBEBEğŸ…±ï¸,https://youtu.be/W-Dy04e_LRc
432,23updates,52117590154,16,53,34,"Fan account dedicated to supporting and updating the talented Grammy nominated, producer, song writer, and soup lover Alexander 23",https://youtu.be/sy3l7OmitdI
434,steinfeldsource,860866782,0,11,7,"Votre 1ere source franÃ§aise sur la talentueuse et sublime jeune actrice Hailee Steinfeld. News; Photo shoot etc.
-steinfeldsource (Elena)",
435,andremack_,8140315097,9,52,5,,
436,oshamatricks,56382770584,0,21,55,"ğŸ£
2008",
438,skippyskittle,1504064515,1129,10556,783,"ğ‘ªğ’“ğ’†ğ’‚ğ’•ğ’Šğ’—ğ’† & ğ‘­ğ’–ğ’ğ’„ğ’•ğ’Šğ’ğ’ğ’‚ğ’ Planning ğŸ¦¢
Personal Ring Binder ğ‘®ğ’Šğ’“ğ’ ğŸ‡²ğŸ‡¾
ğŸ“Balanced Lifestyle 
#skippyplannersystem
Shop @skippyskittle.co YT & êœ°Ê€á´‡á´‡Ê™Éªá´‡êœ± â¬‡â¬‡",https://linktr.ee/skippyskittle
443,onyxilive,48837863642,20,383,42,"ğŸ’œStreamer who loves chatting
ğŸŸ£Twitch Affiliate
âœ‰ï¸OnyxiBiz@gmail.com",http://twitch.tv/onyxilive/
444,javidbashir,191741061,233,88,320,"Actions speak louder then words. 
| Fitness | Gym |",
446,wolfman38x,5533529462,780,353,1258,"WWE 2K Content Creator 
I'm A Xbox Gamer WolfMan38x
I'm not here to for hookups i am looking for my soul mate in life.",http://twitch.tv/Wolf_GamingNetwork
450,lwillox,12968320,2,2,4,,
452,mikeyishaunted,31515796861,166,765,194,"â˜ï¸silly little guyâ˜ï¸
ğŸi do cosplays and artğŸ
â˜¾ 19 â˜¾
â™¡ï¸â™¡ï¸â™¡ï¸â™¡ï¸",
453,sashidash09,55033872505,39,3,28,"sashiâ”Šshe/herâ”Šâœ artist âœâ”ŠSTAY, Villain, P1ece, ALPHAZâ”Šâ¤ï¸
PLEASE DO NOT REPOST MY ART.
link below redirects 2 actual carrd + cant change it atm ğŸ˜¢",https://sashidash.carrd.co/
455,angraor,327540631,1202,849,1265,kc. detroit. science. art. life.,
456,meinkamphiem,53854631298,47,0,6,JINAZI JINAIST POLICIES BE SIKHISM ADOLFKAHIEM MEINKAMPHIEM ON YOUTUBE NOW,
462,okmagazine,198131186,9239,375480,1192,Your go-to source for all things celebrities & pop culture! â˜•ï¸ www.okmagazine.com,https://oneclick.bio/okmagazine
464,thomascarle,190061042,123,615,762,,
465,kthv3012v,52005964117,0,1,13,J.m -BTS,
468,cmouse35,34957551712,0,43,95,,
470,shotbyxniya,10831931790,272,4410,2169,BOOK ME TO SHOOT PERFORMANCES,https://shotbyxniya.wixsite.com/my-site?fbclid=PAAaZRA2EQpDYy0lFo1BdCgM0UEit4tARcbUJz_gZSKbUr7Y5yBCcBwPCddX8
471,spacebard,231598908,1,48,200,,
477,filmjdw,44289540414,47,10825,282,"ğŸ¬âœ‚ï¸ + âœï¸ğŸ’­
please donâ€™t repost or remake",https://linktr.ee/filmjdw
478,valuedvoicelv,5628338034,84,66,271,"Valued Valued is the FREE go-to Platform for bloggers and influencers who want to receive Paid Opportunities , #influencer, #influencermarketing",
479,mariaevaelena,2306211935,1,26,251,,
482,jswaggzzz,521644320,2,5,10,,
483,c0smiccrystals,52502142349,53,231,73,"Just a simple person with a dream to start a small business :)
All crystals are ethically sourced or self collected!
Shipping from USA",https://linktr.ee/C0smiccrystalsgoods
488,emiliamdaily_,49266084850,3325,725,298,"Daily archive sobre @emiliamernes 
ğŸ“ Buenos Aires, Argentina",http://emiliaoficial.com/
490,jaleno316,54128035194,5,63,330,"Wrestling fan ğŸ’ª and Editor ğŸ˜
Subscribe to my YouTube channel ğŸ‘‡",https://youtube.com/@Jaleno316
493,koeunxrg,50863680974,34,4352,100,ã…¡ ğ“ğ“µğ”€ğ“ªğ”‚ğ“¼ ğ“«ğ”‚ ğ“šğ“¸ğ“®ğ“¾ğ“· ğ“¼ğ“²ğ“­ğ“® ã…¡,
494,jameshalcrow,290830514,2532,1383,1042,"THICC ATL THOT
Dennis Rader",
495,bisbabelba,7823025322,223,79,98,unbetad unedited unhinged,https://youtu.be/S2oqwLoCvQw
498,masteritmedia,9397376641,996,813,837,"ğŸ‘©ğŸ»â€ğŸ’» Social Media Management  
ğŸ¤³Elevating Your Brand with Done-For-You Content
âš¡Tips for Your Business
ğŸ™ï¸ Mondays 2PM @masteritmonday",http://www.masteritmedia.com/clickme
500,nebbuko,4345515151,23,796,449,"Ù…ÙØ§ Ø´ÙØ§Ø¡Ù Ù±Ù„Ù„ÙÙ‘Ù°Ù‡Ù
my gallery: @nebbsgallery 
palestinain // 18
dm for inquires + commissions (shipping available)ğŸŒ±",
503,personalfitnes3,49024413777,0,0,5,,
504,lindsayquinn_,1438583531,0,1,1,,
505,dozydust,55444481896,10,1,15,De-mystifying Glycine âœ¨ and improving the sleep (and lives) of people everywhere. What would you do with great sleep? ğŸ¤”,http://dozydust.com/
506,juniorhoney_,37337232227,3,174,2,"21|| they/them || bi
Clink link to my Ao3
â¬‡ï¸â¬‡ï¸â¬‡ï¸",https://archiveofourown.org/users/JuniorHoney/works
507,oasisfanboy,433431258,0,102,523,"""I need to be myself, I can't be no one else""-Noel Gallgher",
508,riyazxsmriti,37531474530,1313,36124,101,"|| NOT IMPERSONATING ||
I love you Ç‚à´’à¹‘ğ“‚…ğ‚¯",
509,teachermowich,1938641252,214,165,336,,
514,nathanokoopa,15115,3159,1489,412,,
516,stupidwifeintl,29879988998,359,23791,665,"Stupid Wife is GLOBAL, uniting fandoms around the world! Twitter @stupidwifeintl
#valu #juliantina @priscilareis_ @pribuiar @barbara_lopez21 @macabeso",
518,alexhurshey,375494105,13,29,139,Stuff,
519,infosdaestrella,56667131016,901,382,162,"ğŸŒŸ Sua melhor e mais atualizada fonte de informaÃ§Ãµes, updates diÃ¡rios, fotos e vÃ­deos da influenciadora Anna Estrella 
ğŸ”” â€¢ Ativem as notificaÃ§Ãµes",
523,gregauman,5550657306,160,529,602,NFC South writer for Fox Sports. Formerly The Athletic and Tampa Bay Times. Twitter at @gregauman. Email at greg.auman@fox.com.,http://theathletic.com/
524,ironicnotsavage,31331198662,84,1881,893,"My name is Kristian
Commissions Open
If you look like Tatsumaki please dm me
YouTube account: @ironicnotyoutube
Personal account: @krishfish_mboi",
525,shereka_monique,611114528,9,554,663,,
527,debspillane,5787647084,2,110,205,,
528,_jessica_leeann,193420175,55,889,856,"bhh â™¡
BH Photography",https://beauhazenfield.wixsite.com/photo
530,codishaa,1922206763,1431,967,1057,"ğŸ‡¿ğŸ‡¦ & ğŸ‡¯ğŸ‡²
ğŸŒŸ CEO: @minimediamktg 
ğŸ¥‹ #BJJ 
ğŸŒŠRealist | Pessimist | Sometimes Optimist
ğŸ’ƒ #GaslampGreatness",http://minimediabiz.com/
531,dbfulton,23721091,49,60,173,,
532,wimbearn,13560593025,1186,1326,1416,"(ON HIATUS/BREAK) - COMMISSIONS OPEN - | ko-fi.com/wimbearn| I love drawing! ğŸ˜¸âœŒï¸
Lv. 20
Birthday: 08/26
Best friends with @joe_zito_26",https://wimbearn.wordpress.com/2023/03/02/why-cant-i-stay-happy/
533,jrwstormy,357563551,5,54,212,,
534,74sred,37937163547,1,499,328,"â€œtick tock on the big clockâ€
 Ûµ",
537,sailoryue,2264752,2,2,10,,
538,ericdoaarchive,58133893913,40,88,35,"fanpage & update account for @ericdoa ğŸ¦‡
twt: ericdoaarchive",https://found.ee/greaterthanone
539,hebahersi,22815532869,0,164,215,,
540,izzndizz,27855173,1,0,0,,
541,slimeystuff,2332881491,5,16,35,"jual slime&bahan2nya
disini juga ada rainbow loomğŸ˜Š
happy shopping ğŸ™
JAKARTA
line : anastasyaangela 
bbm: 57DEC4F3
serious order only ğŸ˜Š",
542,tiacomehere,23003029,6,1197,1184,ğŸ’‹ What you doin over here?,
543,bigneex,52190265623,0,28,7,Come check me out on twitch!,https://twitch.tv/bigneex
556,biggestbigq,50725182862,15,38,173,"It wasn't me, it was the man in the chicken costume.
Professional frog",https://en.pronouns.page/@ChaoticQ
557,jenortegas,53862887646,0,58,25,,
559,realjoshbrownie,26179899,99,2931,2276,"New York, New York ğŸŸ",
560,drewgneiser,22877164,181,830,1349,"Host of @Minneapolis_CM. Social media, new ideas, & music.",https://www.tptoriginals.org/6-things-you-need-to-know-about-creativemornings-msp/
561,ilyydiana,6920631091,1,1318,595,,
563,ajebutterthug,1908252075,27,785,790,Running @thriftplugng @oftheliterati,
564,sikodayo,32468415196,64,92,117,"triumph thruxton900  HONDA GROM ï¾ï¾†ï¾ï½­ï½±ï¾€ï¾ï½¯ï½¸ï½½ï¾Œï¾ï¾„ ã‚€ãã€ãƒšã‚³
å¾¡æœ±å° Jimny JB23â… å‹",https://twitter.com/toshi_kaltuka
565,jaguaro_cr,1570606496,1860,757,1899,,
566,iamblondfox,17053029200,2075,164,24,"ğŸ“¸ Uma menina raposa fotografando o mundo por aÃ­
â€¢ Getty Images Staff Photograher | Pixellu Ambassador
âœ¨ Host â€¢ Podcast Blond Fox (+600 plays)",https://portfolio.adrielly.com.br/
570,santamonica,1321216,774,780,695,"Photography Schmotography! ğŸ¬ğŸ¥ğŸ“· Photographer/filmmaker who loves food, art, golf, fitness, traveling, fun, friends, family - and to photograph stuff!",http://monicatormassy-blog.tumblr.com/
573,adam__cyber,6207250434,20,2352,179,á´¬á¶œáµ—â±áµ›áµ‰ Â²â´/â· âœ´ï¸á´±áµ—Ê°â±á¶œáµƒË¡ Ê°áµƒá¶œáµâ±â¿áµ áµƒâ¿áµˆ Ë¢áµ‰Ê³áµ›â±á¶œáµ‰Ë¢ âœ´ï¸áµ‚áµƒË¡Ë¡áµ‰áµ— Ê³áµ‰á¶œáµ’áµ›áµ‰Ê³Ê¸ âœ´ï¸á´¬á¶œá¶œáµ’áµ˜â¿áµ— Ê³áµ‰á¶œáµ’áµ›áµ‰Ê³Ê¸  âœ´ï¸á´¬á¶œá¶œáµ’áµ˜â¿áµ— Ë¢áµ‰á¶œáµ˜Ê³â±áµ—Ê¸ ğŸ›¡ï¸ âœ´ï¸á´µá¶œË¡áµ’áµ˜áµˆ áµ˜â¿Ë¡áµ’á¶œáµğŸ”“ á´¸áµ‰áµ—'Ë¢ áµáµ‰áµ— áµ—Ê°áµ‰ Ê²áµ’áµ‡ áµˆáµ’â¿áµ‰.,https://twitter.com/Adam__Cyber?s=09
575,modsoul,559177730,9,61,48,,
576,forstandall,10569835853,2,165,447,"byersbrothers on tiktok (34k)
forstandall on twitter
@standalllscenes",
577,elresisto,15330223,305,180,233,,
583,luke_mots,1515209841,14,440,366,All That Follows,https://youtu.be/8xicxfGHg7U
584,born_blackpink,53320382693,4,102,250,"â–ªï¸my account 
ğŸ”³my life",
585,luckittychuu,56647438431,1,1,69,multi gg stanâ™¡ i use vs :],
587,proud_haru,9430532,565,1974,985,"ğŸ‡¹ğŸ‡­ Ã— ğŸ‡¯ğŸ‡µ  born & raised in ğŸ“ğ—•ğ—ğ—
ğ˜›ğ˜³ğ˜¢ğ˜·ğ˜¦ğ˜­ï½œğ˜“ğ˜ªğ˜§ğ˜¦ğ˜´ğ˜µğ˜ºğ˜­ğ˜¦ï½œğ˜Šğ˜¢ğ˜§ğ˜¦
ï¼¼ğŸ—£ï¸ à¹„à¸—à¸¢ æ—¥æœ¬èª ENG ï¼
- Interpreter & Translator
- Ex-crewâœˆï¸ğŸ‡¸ğŸ‡¬ğŸŸ¡
- @kojifamily_",https://bio.site/ProudHaru
591,umaeyrr,324523030,111,5251,1082,NYCâ €â €â €â €â €â €â €â €â €,
592,silvavst,177956995,15,2056,605,ğŸ”‡,https://linktr.ee/silvavst
594,swigyeah,57125340705,27,101,61,Aussie twitch affiliated streamer. RPG's FPS and Adventure/Survival Games. http://www.twitch.tv/swigyeah1,
595,corbin_butler,223192472,13,22,136,,
596,laibanaveed99,2043522767,185,359,1618,KMCâ€™23,
597,fashinod,34457221879,0,0,11,,
599,thundergotplump,49144326938,0,290,184,@lifefrmvegas,
600,d0ggospottings,5810133238,868,256,8,"low quality pictures of high quality dogs
more pita: #pitathedoggo",
601,theeemae,235030651,2,1274,815,Mommy ğŸ˜‡,
602,carinaolsen,51147252,399,180,211,@skimra2022,
604,gin0bili,39949367,1,100,8,,
605,hamza_aahmedd,49518434495,4,18,31,,
607,jatisgroups,22511605654,125,57,22,"Ã Ç¹já»Ì€nÃº(ep) out there
we are transiks.
rebel fashion by tolÃº (r.f.b.t), MRA, jaja's palmi
#A3BXNEEKAS @tolujatis",http://twitter.com/jatisgroups
608,kaisasolstys,9405359109,62,75,155,"ğŸŒŸ#VTUBERğŸŒŸ #ttv [4PM PST] (check twt)
ğŸ‡¹ğŸ‡¼ğŸ‡¨ğŸ‡¦ ğŸ” Adults Only Plz ğŸš«DN Repost/UseğŸš«
@KaisaSolstys (Twt)(Tmbl)(DA)(ink)(TTV)
â™¡â™¡ MILK TEA â™¡â™¡",https://linktr.ee/kaisasolstys
610,phyozayyyar,47541634430,30,36,362,Don't tell the people your #plans. Show them your #results!,
611,brian_hi1,35883078458,4,33,5,I will be posting things I do during quarantine,
614,theninthwave9,15169516630,193,177,9,"Italian/Irish/American ğŸ‡­ğŸ‡ºğŸ‡®ğŸ‡ªğŸ‡ºğŸ‡²
Gay ğŸ³ï¸â€ğŸŒˆ
Cancer/Leo â™‹â™Œ
Meme artist ğŸ˜‚
All of my memes are original. You may share them freely.",https://www.facebook.com/TheNinthWave9
617,emilyrverona,554166439,1893,284,291,writer / weirdo,http://www.emilyruthverona.com/
621,paclassics,397062944,10,71,23,"from our hearts,
with our minds,
for eachother.",
629,abadbitxh,4013575376,17,0,1,,
634,eni_ayomide,683776521,162,4859,1928,"ğŸ’›ğ”¾ğ• ğ••â€™ğ•¤ ğ•ğ•–ğ•£ğ•ª ğ•†ğ•¨ğ•Ÿ
â€œğ™ˆğ™® ğ™Šğ™£ğ™¡ğ™ğ™£ğ™š ğ˜¿ğ™–ğ™ğ™§ğ™® ğŸŒ…â€
â¤ï¸ ğ•Šğ•¡ğ• ğ•œğ•–ğ•Ÿ ğ•¨ğ• ğ•£ğ•• |ğ”¸ğ•£ğ•¥| ğ•ğ•šğ•“ğ•–ğŸ‘‘
ğŸŒ¼ ğ•‹ğ•™ğ•– ğ•ğ• ğ•£ğ•œğ•’ğ•™ğ• ğ•ğ•šğ•”|ğ•‹ğ•™ğ•– ğ•Šğ• ğ•”ğ•šğ•’ğ• ğ”¹ğ•¦ğ•¥ğ•¥ğ•–ğ•£ğ•—ğ•ğ•ª
ğŸ’¼ â„™â„ |â„™ğ•£ğ• ğ•›ğ•–ğ•”ğ•¥ ğ•„ğ•’ğ•Ÿğ•’ğ•˜ğ•–ğ•ğ•–ğ•Ÿğ•¥
ğŸ‘©ğŸ¾â€ğŸ’»@vibee.wears
ğŸ‘»ğ”¼ğ•Ÿğ•”ğ•”ğ•ª",https://enismuse.wordpress.com/2022/04/26/a-little-piece-of-me/
637,mithovic,3164037752,76,400,1269,"ğŸ’ªğŸ¾""Try before u quit""ğŸ’ªğŸ¾
Farm-boi ğŸ’ªğŸ¾Unolali ğŸ’ªğŸ¾
âš½â¤ï¸Football addict â¤ï¸âš½",
640,starlitshoal,8989581523,0,3,30,Kristen means â€œFollower of Christâ€ and this is my journal. Iâ€™ll post what I learn as I navigate what it means to be set apart in a world torn asunder.,
643,ayoooeshaa,45013097347,0,1,2,,
645,49percs,47692057746,0,0,1,,
646,djexpress908,192149797,41,68539,4405,"ğŸ§ New Jersey DJ - Jersey Club Producer
ğŸ¼ @power1051 @iheartradio 
ğŸ† Certified hit maker
ğŸ“© DM For all business inquires ğŸ‡µğŸ‡·",https://hyperfollow.com/DJExpress908
650,yourplaybookau,52695879613,156,924,3477,"Premium Horse Racing Tips at a discounted price! 
Get your FREE TRIAL today at:",http://yourplaybook.com.au/
652,gglilianda,220893040,24,359,273,"Associate Producer @ Akupara Games
i play games and sometimes post A Photo",http://twitch.tv/liliandaa
653,tuphlos,15324616,571,916,1044,You know me.,http://www.twitter.com/tuphlos
655,hrts4sana,46935118856,0,432,63,"the user is falling in love with sana smile â™¥ï¸ 
my girl is very adorable and tiny
 à«®(^ï¹^ !! SANA !? ILY !! . .",
657,eyewashcomic,50244295999,136,2077,1520,comics + doodles by chris agee,https://linktr.ee/eyewashcomic
659,favoritefelon,49264352924,1,0,0,Tag your favorite felon.,http://favoritefelon.com/
661,wholelottakap,42975288963,0,1,1,,
662,xsilvercrescent,52277137501,0,31,28,,
663,theprimaroxas,6996422712,245,354,355,"â©Logo Designerâª
Logo Commision starting $20
My contacts and gigs link below",http://primaroxas.carrd.co/
667,runrtco,13254773838,7,57,225,"IG MAKEOVER COMING SOONâ€¦ #WeBack
Making your day smooth at work with an array of different topics and concerns. New content EVERY week!",https://anchor.fm/rtco/episodes/A-Very-Rare-Exchange-e14t8b4
670,deesaleca,50519950922,19,513,282,Htx ğŸ‡¯ğŸ‡² 23,
671,jusstjosshin,46523035720,60,45,376,Iâ€™m to remember EVERY man Iâ€™ve seen fall in to a plate of spaghetti?,
672,wh0rganization,31713189257,0,50,136,at my very worst,
678,scholars1st,13347096284,27,14,160,"Amira (c/o 22) & Sandrea (c/o 23) Thomas
   Honor roll students! 2-way players! Will to win! Willing to work! ASSETS!",
679,wrldwrldwrld,8886453838,0,1,9,,
680,crazirockerchic,35722461,1767,756,776,Awake Not Woke,https://www.tiktok.com/t/ZTRprybug/
681,claretxtra,45148070757,7,2,3,Boone,
682,classic_dae,2208943858,84,577,307,"ğ•·ğ–ğ–‹ğ–Š ğ–”ğ–‹ ğ––ğ–šğ–ğ–™ğ–Š ğ–‰ğ–Šğ–˜ğ–•ğ–Šğ–—ğ–†ğ–™ğ–ğ–”ğ–“
â€”â€”â€”â€”â€”â€”â€”â€”â€”â€”â€”â€”â€”â€”â€”â€”â€”â€”â€”â€”â€”â€”â€”â€”â€”â€”â€”â€”â€”â€”â€”â€”
ğŸ’ğŸ’— ğ“. ğ“¡ğ“¾ğ“¼ğ“¼ğ“®ğ“µğ“µ | ğ”¸ğ•’ğ•ğ•šğ•ªğ•’ğ•™ğŸ  | Rumble SquadğŸ”°| 0331â‡ | ğ’ğ’¶ğ“‡ ğ¸ğ“ƒğ“‰ğ’½ğ“Šğ“ˆğ’¾ğ’¶ğ“ˆğ“‰ ğŸ’¨",
683,stacy44_,1474362194,24,83,182,,
685,barbarosozturk,285307142,9,1711,1228,My friends call me Barbo but you can call me anytime.,
686,soloanna,40743333,3,9,7,,
687,drewunga,10926199,309,488,710,,
688,marissasarbak,7255119336,320,8634,683,"â–«ï¸  FOX Phoenix reporter
â–«ï¸  New Yorker living in the desert
â–«ï¸  Fashion âœ¨Horses âœ¨Travel",https://marissasarbak.com/
693,joshuaeddleston,40714317011,0,26,119,"Hi! So I'm Josh, I live in New Zealand with my cat and family, and I'm a fanfiction writer and Youtube Let's Play video maker.",https://www.youtube.com/channel/UC3MMgTIKP_rUQqYs3-3no_A
695,courtneyl89,327987904,0,26,6,,
696,mibbbly,714438534,126,4,111,ìŠ¤ë¬¼ì…‹. ì—´ë§¤ë‹¬ ë‚˜í˜,
697,pierre_lnts,8580538086,0,79,111,,
698,bodkinkslsports,1478143640,1962,1200,1016,Insider for @utahathletics on @kslsports | Safe Space â¤ï¸ Opinions are my own | #GoUtes #22Forever #RIPStallions | Online for career reasons only ğŸ¤—,
704,hayleymagill,26305615,1342,2756,696,"N Ireland |ğŸ“Chelsea, London
ğŸ‘©ğŸ»â€âš•ï¸ Ex Surgical Trainee ğŸ©º (Plastics)
ğŸ’‰ @contourdoctor
Saturn Return ğŸª #TalkThirtyToMe",
707,dihuang,498727,0,19,21,,
722,kcsportsnetwork,53628970419,41,23,25,Daily sports videos!,https://youtube.com/channel/UCkZ-dCxxvcdanbUzUoJrziQ
723,yunarts_,4632575923,321,317,411,"23 y/o ğŸ‡©ğŸ‡ªâ™“
.
I always have a new Anime obsession 
.
âš ï¸ Not spoiler free âš ï¸
.
 Self taught
.
 ""Art will never die, even if I already have""",
725,v4mp1r3f4ngz,56687560944,0,0,0,,
727,teawhilewriting,38210604630,747,527,749,Author. Editor. Photographer. Knitter. Foodie. Bi/Queer.,http://dnruttan.com/links
730,teethbat4,57737350837,0,0,0,,
731,rohrahitesh,492355957,6,43,35,Doing Financial Market,
732,thecoachcoochie,14186717928,0,139,597,,
733,philippinestar,304781023,5646,300095,133,"The official Instagram account of The Philippine STAR, flagship title of the country's most successful print media enterprise.",https://linktr.ee/philippinestar
734,jesemt,44827959357,3,4,14,Sorry,
735,joellllly,305335274,0,0,0,Kik=joel_aston,
736,digitaldeals9,38473248668,1,1,0,"Get advanced resources to learn about Digital Marketing, Instagram Marketing and enroll in online courses.",https://bit.ly/2CLtvTb
737,tjtslayer,46179731622,181,531,410,"Twitch Affiliate
Gamer / Musician
Most Nights I'm On Twitch Live @ 11pm EST",https://www.twitch.tv/tjtslayer
738,rapvideotv,39750868991,37,38,60,"Hip Hop Videos ğŸ“¸
Shout us out to help us grow ğŸ’™ 
Dm for inquiries",
739,the_kdott,835078971,157,532,616,I am white like the spot on my finger nail; different and out of place.,
740,youornswfc,48327310043,770,417,3,"New podcast @watfordfcofficial for #watfordfc fans by @popcornreel. Website for YO YouTube channel below. Facebook, Twitter: You Orns WFC",https://bit.ly/3h2hZnd
741,cescamajor,1658496894,0,1,0,Writer Vlogger Chicken owner Tea snob Debut novel THE SILENT HOURS out June,
744,cwu_primate,3198253110,492,1892,342,The only primatology-focused Master's program in the United States ğŸ¦§ğŸ’ğŸ¦,https://linktr.ee/cwu_primate
746,ezbandofficial,1105063227,778,128475,125,"""Make it NorteÃ±o Vol.1"" now available!",
747,shaanthepenguin,12308665520,37,381,532,"â€œScruples? Scruples? Are those low-fat kettle chips?â€ | local govt & rail nerd working in housing. 19. CF. bi. endless procrastinator. |ğŸğŸ›¤ğŸ
ğŸğŸŒ¹",https://findyourunion.tuc.org.uk/
751,bigmfjayy,16350242695,9,912,748,"B!G YNS   
@jaysimonee._",
754,sazzy3000,203878109,116,60,330,,
755,kdlb,1108047,7860,2561,3667,"giggly geeky crafty girl. was Yarnings Podcast. color & makeup. boardgamegeek. spoonie, wheelchair girl #offrav Vancouver WA.",http://yarningspodcast.com/wip/links/
757,gbh68,346779660,1758,228,366,Life through the lens of a cheap imported phone camera.,
760,tasmiyah___,54344645540,0,17,11,Other Account..... Theonly.Tasmiyah,
761,vingerengaoma,563016506,8,9,47,Gynesexual/Gyneromantic just a bored and tired person.,
762,kceracing,50436332498,237,50,2,,http://kceracing.com/
764,richyrich,14035788,266,42059,481,Feeling SaaSy,https://mutantgrape.com/
768,justsweetangel,2968806671,0,8,0,,
769,cuco_radio,50041035333,991,68,65,"Commercial free 24/7
Positive radio",https://www.cucoradio.com/
771,madelynflorals,49341572843,776,16104,307,"Your Best Source of Updates and Content on the talented Actress Madelyn Cline!âœ¨
- Fan Page, Not Impersonating!",https://linktr.ee/madelynflorals
773,livingtn,528751087,1025,8920,690,"Brokered by eXp Realty LLC
Let us help you find or sell your home in Middle Tennessee
Give us a call: (615) 933-1000",https://linktr.ee/livingtn
774,najeeb,27201328617,4,335,2,,
778,gracemahony5,31356585238,0,311,527,,
779,clayslime,4260606713,6,1028,286,,
781,cusunset,55165505091,16,30,0,"Ranked #18th best collegiate sunsets in the country
Accepting pictures through DM's.",
782,behanthescene,1684602479,873,1960,908,"Pre-save ""Night Owl"" - March 2023",https://distrokid.com/hyperfollow/behanthescene/night-owl
784,tekimadrigal,53369817273,4,91,62,,
785,dramahgg,378535095,0,0,17,,
786,kimminju_th,45490921270,3,2,2,"ë°ë° LAND âœ§
Ë“ğ“„¹ à£ªË– ONE & ONLY ğŠğˆğŒ ğŒğˆğğ‰ğ” (@minn.__.ju)
Actress, Artist, Dancer, Editor, Producer, Singer, Visual, Vlogger, Writer",https://twitter.com/KIMMINJU_TH
787,timeforjk,58627984747,0,25,7,"smd ğŸ‘
toxic and i am a hater ğŸ¤¬ğŸ¤¬",
788,darkoivancevic,1291026460,1,20,43,,
789,barkmeta,28110129,45,1486,331,"Streamer, Entrepreneur, Mustache. NUMBER #1 CHANNEL on KICK. Live everyday at 8AM / 10PM ESTğŸ‘‡ğŸ’",http://kick.com/barkmeta
791,heyitsmonika,195309272,989,1722,999,"no thoughts, just vibes.",
792,esse_onome,47482048177,16,226,160,,
795,tradedboston,6621784009,3789,8291,2891,"Recent Real Estate Transactions in #NewEngland.
â†’ @TradedNY ğŸ—½
â†’ @TradedLA ğŸŒ´
â†’ @TradedMiami â›±
â†’ @TradedChicago ğŸ’¨
â†’ @TradedTexas ğŸ¤ 
â†’ @TradedVC ğŸ‘¨â€ğŸ’»",http://lnk.bio/tradedboston/
796,freakazoid2222,56667380550,43,601,228,"lucy ğŸ©ğŸ‘™ğŸ¬
they she (à­¨à­§áµ•Ì¤á´—áµ•Ì¤) 
@ecockk2k â™¾ï¸â™¾ï¸ğŸ––
@meanwoodenitgirl",
802,chrisjohnsonh,4558051047,45,112,93,,
803,therealzevgood,8081372046,786,500,347,Queer. Nerd. Jew. Husband. Apiarist. Casual baker. Backyard gardener. I don't post about books or writing here anymore. Just FYI.,
804,markmcgrathcfp,49536292853,241,53,34,I help Canadian physicians treat financial uncertainty.,https://advisor.wellington-altus.ca/sweeneybride
806,technicalknives,532170139,3,3,4,,
809,romasuxx,576492653,343,1054,457,Legal drug dealerğŸ’°| Snapchat: roma611âœ¨,
810,duiiiooo,18909303218,0,0,0,,
812,theepocha,33378752,468,935,815,"ut based art freak â˜ï¸ğŸ¤ ğŸ“ğŸ‡²ğŸ‡½ğŸ“ğŸª¦
email club signup â¬‡ï¸",https://linktr.ee/theepocha
813,hart_throb02,342348701,12,74,220,,
814,annaroisman,25490814,2833,91388,2382,"ğŸ‘‘Comedian | Host | Impressions | Actor | Writer | VO
ğŸ¥@hqtrivia @nbc @mtvnews @buzzfeed @amazon
ğŸ€Miranda?
ğŸ§Cohost @bigwigspodcast SUBSCRIBEğŸ‘‡ğŸ˜",https://podcasts.apple.com/us/podcast/big-wigs/id1663351738
815,watercrowns,4310708073,14,1,1,,
816,ronovetok,1575901410,11,2,6,ğŸ¹Beatmaker/ProducerğŸ¹ â†”ï¸ ğŸ“­Contact : ronovetok@gmail.comğŸ“­ â†”ï¸ ğŸ’»Twitter : @Ronovetok,
818,lucymorris91,555761248,109,199,204,,
819,imayurj,2065325629,0,52,63,,
820,imemilymeisner,178369637,1795,120282,295,"Kinesiologist, Gym Owner, Energy Curator
ğŸ§  @bodybymemethod 
ğŸ“² Workouts @bodybyyoumethod 
ğŸ“Gym @bodybymemethodstudio
Work It Out Series on YouTube!",https://linktr.ee/Emilymeisner
822,voiceofnaijang,4040866494,20687,19914,796,"Voiceofnaija.ng is a US based online newspaper 
E: vonacommunications@gmail.com
A: 21711 Reserve Ranch Trail, Richmond, TX 77407",http://voiceofnaija.ng/
823,bluecat4271,54518971454,81,367,288,"ğ—›ğ—¶ ğ—œğ˜ğ˜€ ğ—•ğ—¹ğ˜‚ğ—² /â á â ï½¡â êˆâ ï½¡â áŸâ \à¸… ğ—ªğ—¿ğ—¶ğ˜ğ—²ğ—¿ & ğ—ªğ—²ğ—¯ğ—°ğ—¼ğ—ºğ—¶ğ—° ğ—”ğ—¿ğ˜ğ—¶ğ˜€ğ˜
ğ—§ğ˜„ğ—¶ğ˜ğ˜ğ—²ğ—¿: ğ—¯ğ—¹ğ˜‚ğ—²ğ—°ğ—®ğ˜ğŸ°ğŸ®ğŸ³ğŸ­ / ğ——ğ—¼ğ—»'ğ˜ ğ—¿ğ—²ğ—½ğ—¼ğ˜€ğ˜ ğ—ºğ˜† ğ—®ğ—¿ğ˜ ğ“‚€
ğ—¦ğ—¸ğ—²ğ˜ğ—°ğ—µ ğ—®ğ—°ğ—° / @blue_sketch0
ğ—”ğ—¹ğ—¹ ğ—ºğ˜† ğ—¹ğ—¶ğ—»ğ—¸ğ˜€ ğ—®ğ—¿ğ—² ğ—¶ğ—» ğ—µğ—²ğ—¿ğ—²ğŸ‘‡ğŸ»",https://linktr.ee/blue_cat4271
827,metasaiyans,50568975611,0,0,0,,
830,philstarlife,39261623644,9265,6222,360,"Everything you love, want, and need â€” in one click! âœ¨",https://linkin.bio/philstarlife
831,kkummiwsoo,42785884810,0,42,154,ğŸ‡³ğŸ‡¬,
834,gjwingfield,381952531,77,255,379,26 â€¢ Bit of a nerd â€¢ Enjoy gaming â€¢ Play Guitar â€¢ Star Wars â€¢ Pop Punk â€¢ Metalcore â€¢ Willing to trade memes and cat pictures,
839,flower_shines,5696693220,0,0,3,,
841,luiitomlinsan,44552275851,1,87,111,tj miles,
843,maryjpoppin,6531146825,64,80,91,,
844,michaellondra,355937205,164,1089,92,"Visit my linkğŸ‘‡ğŸ»to book your Ireland vacation with me, order my new Travel Companion book (now shipping), or watch Season 3 of my hit TV show!",https://beacons.ai/michaellondra
845,lgbtallerduo,30266289652,0,50,130,silly tallerduo enjoyer,
846,prokidoki,7692270685,0,16,262,,
847,sonaaalli,1493356739,2,201,830,ğŸ¦­ğŸŒ»ğŸ¦¢,
852,skynyrd_fan,2115012851,0,0,0,,
853,forarmysid,57189570136,4,468,8,"Welcome to ur purple house uri ARMY's âœ¨ğŸ’œ
â€œ Rumah curhat,bahagia,dan tertawa â€ With Cici
Akun Official @ForArmysID di telegram
Channel Telegram Kita ğŸ‘‡ğŸ»",http://t.me/forArmysID
