"followercount","username"
"7817183","people"
"3790435","GMA"
"2465039","Koreaboo"
"1455814","PhilippineStar"
"569971","kimgarst"
"462584","OKMagazine"
"335665","PageSix"
"248409","fox35orlando"
"198881","SDonziger"
"198720","ACSfessions"
"121072","Qg_Barmys"
"115288","filmystic"
"95113","chaeunwoodaily"
"87205","SoMetroRadio"
"84451","bmurphypointman"
"84450","bmurphypointman"
"84279","mrfishtopher"
"84162","TXTintl_twt"
"74733","Qwerty_Soda"
"63672","TheyLuvvLi_"
"62704","YCP4EVRRR"
"61751","gregauman"
"56571","90Leaks"
"52101","atownsquare"
"51461","Iunatico_feliz"
"49585","PostPlanner"
"45917","DJExpress908"
"45193","WUSTL"
"36824","DaoKwonDo"
"35142","crabcrawler1"
"33875","xoxo_kenzie_"
"31751","TiaCorine"
"31575","JustSweetAngel"
"31443","DebSpillane"
"31264","optionsmafia1"
"31216","VicctorianChad"
"30710","barkmeta"
"29770","GeordieGreep"
"29675","jamesjamesbrown"
"29536","LSSRFMcharts"
"28331","RonLPitts"
"27639","nalgene"
"26691","DailyRoss"
"26555","MGKSDIABLO"
"26316","samyraspfc"
"26255","SandyLeeAndRon"
"26065","GigiHadidBR"
"25836","KCSportsNetwork"
"25829","mcr_lore"
"25383","HeathLegend"
"25132","clayslime"
"24558","AnnaRoisman"
"24339","ParkJiminUSA95"
"23995","syrnkns"
"23252","SpartanTrading"
"23079","BowTiedCyber"
"22136","sung_minkim"
"21547","draugustonasser"
"20806","soob304"
"19815","richyrich"
"18964","niamhutd"
"17943","newslitkillah"
"17930","fontesbieber"
"17644","KIMMINJU_TH"
"17248","A11yAwareness"
"17181","BHadidBrasil"
"16863","BTOBSupports"
"16109","CH0UCHEN"
"15992","Deanne54321"
"15877","BDOUBLEEKC"
"15833","DarkoIvancevic"
"15776","howcomeyousmell"
"15267","sensoryhourly"
"15225","onlydylobrien"
"14857","AaronTeamEC"
"14366","Black_HawK_5"
"14199","KMJUpdates"
"14144","Codishaa"
"13751","ArsenalAnoop"
"13741","AimseyTvUpdates"
"13579","Dazjacob10"
"12937","_BIG_BARBIE"
"12791","rviviana1212"
"12769","EKHNews_EN"
"12712","AdamTGorham"
"12641","WitchDrTim"
"12168","REKSZN"
"11978","SteinfeldSource"
"11801","TheIfedolapo"
"11466","Ilovemyamerica2"
"11320","oliverse"
"11165","BillianosW"
"11149","DrewUnga"
"10944","GigiHadidInfos"
"10907","therealzevgood"
"10823","ZaidRamadhanug"
"10785","Diabyy_lv2"
"10760","gustavoassis"
"10727","iron_will_pt"
"10458","iLVHobi_Sprite"
"10441","Tuphlos"
"10380","CikedDigital"
"10356","loreleijames"
"10273","munchl4xx"
"10164","ComRayyanBaraya"
"10053","ash_quintana"
"9705","mamamoofiles"
"9676","Hebahersi"
"9625","GiHadidArg"
"9553","TreasChest"
"9527","CHOICE_NAtion7"
"9499","CedessRenee"
"9057","gomezsftstyles"
"8802","thatsrenebae"
"8778","hayleymagill"
"8766","DrunkenApeSC"
"8727","PoGoSnipe"
"8375","FLOCRAVE"
"8368","kehlanifiles"
"8269","willyumslife"
"8249","Dattura6"
"8248","thatERguy"
"8233","umaeyrr"
"8015","jessykaia"
"7864","Ruby_Stevens"
"7799","philstarlife"
"7746","ty_olsen"
"7713","xswagway"
"7374","ForArmysID"
"7253","DebMcD007"
"7182","personalfitnes3"
"7054","BodkinKSLsports"
"7028","perfectIybws"
"7022","trrvps0ul"
"6998","AyoooEshaa"
"6949","AuthorElyse"
"6949","ericpare"
"6920","muptheboys"
"6846","Rawansalah__"
"6821","MLBONFAX"
"6627","RainySyndrome"
"6594","G_IDLEPH"
"6407","sarahvtompkins"
"6370","Ktc8dog"
"6327","MadsBeerUpdates"
"6303","kat_films"
"6290","SUGARCLYVE"
"6226","_jaehyuniverse"
"6205","cookingchat"
"6055","kattkeyy"
"6016","V1NTAGES"
"5934","filmjdw"
"5932","bluejayIRL"
"5901","fasterperiod"
"5823","CescaMajor"
"5813","NFTLadyEve"
"5810","KneeDeepBrewing"
"5710","IamYK808"
"5591","lukelietome"
"5491","ShinyCollector_"
"5429","MURPH_OFFICIAL"
"5366","avvatrice"
"5356","carlagannis"
"5284","alienooooo"
"5247","mimijaxxx"
"5226","LB_Society"
"5220","dormantdrakaiNa"
"5150","jenortegas"
"5092","RaymondMuzembe"
"5013","A_H_Mitchell"
"5006","iamcyclo"
"4948","_charlesbarrett"
"4921","soinn1d"
"4889","kayteterry"
"4859","TheSebasHidalgo"
"4858","BlindedByLust"
"4853","elumaxluv"
"4831","Allegratastic"
"4672","RahkimSabree"
"4607","sweetboihs"
"4598","freckIdvampire"
"4541","servicesdown_"
"4538","marionettedoII"
"4507","michaellondra"
"4485","MetaSaiyans"
"4478","lysapreneur"
"4464","SuperRandomish"
"4413","KylarAlice"
"4373","returnofbtr"
"4362","DJHERMANPR"
"4334","Avrilish_JP"
"4329","gilleechi"
"4324","janet420"
"4189","jordanliles"
"4170","sdfenton"
"4155","TidyTops"
"4155","stupidwifeintl"
"4151","ejtupdates"
"4119","Lucidfo20"
"4099","OrchestraArtist"
"4065","bookmarkthewall"
"3970","ddaaannnniiii"
"3957","allhailhanyu"
"3952","daechbear"
"3931","DJShaadSmooth"
"3926","mykpopshows"
"3890","ksheely"
"3847","itsterezcz"
"3844","anocakes"
"3826","TeaWhileWriting"
"3790","MeganPlain"
"3770","JaneJJS259"
"3757","gingerrogerss"
"3728","deesaleca"
"3714","_rawgarden"
"3699","GwartyGwart"
"3697","rafsgodoi"
"3673","HellbenderBeer"
"3647","ClaretXtra"
"3635","misbahchowdhury"
"3625","Kri5see"
"3600","kristinpiljay"
"3479","nna_onu"
"3475","loverlumax"
"3459","MarkMcGrathCFP"
"3404","SharonAnnO"
"3397","Strangecarrots1"
"3380","DreadedTyrone"
"3371","chasethefeel"
"3341","outofmanna_"
"3328","gaslynda"
"3304","TonyPestana7"
"3263","starspocketfull"
"3258","AlbaRecheNation"
"3245","LucyMorris91"
"3230","RYUSUlS"
"3222","CUSunset"
"3156","ajebutterthug"
"3140","michaelcareyyy"
"3109","Go2Tubebular"
"3100","DjBlaster"
"3098","PostaDiFalcone"
"3085","allaboutchanlix"
"3078","SaberDriift"
"3075","irrezolut"
"3072","babymonfamilyTH"
"3037","SarahFPoetry"
"3026","mnwildthing"
"3020","Bluethejm_Indo"
"3010","tradedny"
"2991","JaValle"
"2957","LoGravityTweets"
"2944","verysfirstnight"
"2932","Eni_Ayomide"
"2905","SilvaVST"
"2869","DrewGneiser"
"2851","CaptAccurateWx"
"2848","i_killed_cain"
"2820","nixxtk"
"2790","colinfarrall"
"2728","mickfinney"
"2714","allyanjumm"
"2711","yascowboy"
"2689","charIottebronn"
"2685","JennyWi18628806"
"2660","scriabinist"
"2642","ScallywagNYC"
"2613","helloitsroland"
"2598","sachi_commi"
"2593","theOGtaughtyou"
"2551","SandsReno"
"2542","BangtanCharts7_"
"2541","KookieSan0107"
"2534","DorJeff22"
"2527","LilNyeM__"
"2503","DriverEraUpdate"
"2500","DTRoadtoSochi"
"2495","banditmill"
"2483","flower_shines"
"2454","LivingTN"
"2425","JInfo4us"
"2416","allie__jandro"
"2353","imtashanottosha"
"2326","MarissaSarbak"
"2322","YourFridayKiss"
"2293","shaanthepenguin"
"2292","eiimmaannn"
"2286","DLilasworld"
"2275","anth0888"
"2265","HippieGeekGirl"
"2265","adamsglamberrt"
"2239","hunlees"
"2177","Thecryptonurse_"
"2156","pendingidentity"
"2152","_KennedyUpdates"
"2138","afroking_jonty"
"2135","IronicnotSavage"
"2125","keepitchrissy"
"2112","SewageCrow"
"2105","itsjeffepstein"
"2104","kdlb"
"2093","_NoMin92"
"2092","wegooupp"
"2087","HindoxL"
"2075","sweettoothfern"
"2062","angraor"
"2023","MonicaoftheLion"
"2007","TheOnlyKamol"
"2005","yaridibuja"
"2000","jkngeIs"
"1999","KlaMax1"
"1984","tundeajibulu1"
"1984","unlostgeorgie"
"1971","ThomasPAVFC2"
"1956","GooberShibeVT"
"1944","wydgeorgia_"
"1940","nabongkiss"
"1939","JSkyeBR"
"1932","103Damo"
"1926","sturnioloteam"
"1909","CarolineEAnd"
"1906","TLaTela"
"1905","abbie_louiseh98"
"1893","PoGoSnipePvP"
"1866","ajebotweets"
"1862","TheNormanNation"
"1862","cass_lyons"
"1857","StoreTriplo"
"1843","dvnmstrs"
"1834","_AriTeresa"
"1831","emsrodrigo"
"1830","hague_rw"
"1820","TheWatersOfLove"
"1817","BibleBuild_EU"
"1815","imayurj"
"1804","Faustuszero"
"1773","Steph_Sklenar"
"1761","Jericho_ctrl"
"1754","Lisspeedvs"
"1752","BONESTHESWAGGOD"
"1749","TheGoPapiSign"
"1748","fastballaces"
"1748","patiyer"
"1740","Mchomeopath"
"1737","ImThatDude501"
"1736","pessipenry"
"1736","yoongovrt"
"1730","lovenationmusic"
"1726","KisforKabir"
"1708","Shippinbot"
"1696","blackpoolwhite"
"1693","tiltheydont"
"1692","JamesHalcrow"
"1689","28FALLINGLIGHTS"
"1684","ElongateDeluxe"
"1676","ElaineS35420171"
"1675","afterglourry"
"1674","aileendub"
"1667","justgayvodka"
"1658","ChrisJohnsonH"
"1655","HeyGraciela_"
"1655","LiirBL"
"1653","Knewz_Currently"
"1651","RuthSoller"
"1642","ValuedVoiceLV"
"1640","freerkelly4ever"
"1640","hallemcberry"
"1630","javidbashir"
"1628","papisnackzz"
"1626","DevonCarlsonBra"
"1607","Laura_Tatum_"
"1605","bluecat4271"
"1602","idyllicminnie"
"1599","Miracul95998611"
"1597","cafexperiment"
"1593","davidwjohns1111"
"1577","ByronWalker5"
"1564","KillshotKitty"
"1564","SMObserved"
"1564","V4MP1R3F4NGZ"
"1564","dejavunho"
"1564","joshthegoat__"
"1563","alejandro_glvs"
"1561","dbfulton"
"1556","CarinaOlsen"
"1553","tasmiyah___"
"1550","coffinpixie666"
"1541","FashinoD"
"1541","aragornshope"
"1540","NewAlbanyFB"
"1537","corbin_butler"
"1533","AbhayNaganna"
"1525","ilyydiana"
"1507","vegoutmagazine"
"1502","mmarcinkrupa"
"1500","ineffabelle_eth"
"1498","httpsaleha"
"1492","soobfluffy"
"1490","Dybala10era"
"1475","ElResisto"
"1475","gsoldanorealtor"
"1463","maralj1n"
"1456","alltoochenford"
"1450","linearhobi"
"1449","julsie75"
"1448","Seokjin04129"
"1446","riversidedlol"
"1434","PAClassics"
"1433","KopaJude"
"1422","ALOTOHomeRun"
"1420","NiiNiiSaidIt"
"1420","wimbearn"
"1413","manojprabakaran"
"1409","ACEtagram_7"
"1405","AreUniverse"
"1402","saikisvt"
"1400","rnrc10969"
"1399","Ch3lseaFanClub"
"1399","RFarrfan"
"1395","Jayshit_"
"1386","vergolmao"
"1384","its_kachi"
"1383","MontreBible"
"1383","heartscarte"
"1382","tiacomehere"
"1373","Exsky__"
"1372","portaljennerin"
"1371","luiitomlinsan"
"1369","Mz_Aeeshat"
"1367","SnatchdSiren"
"1367","npcamomila"
"1361","DuckPandemic"
"1355","ProfJeffKenner"
"1350","lilgaylouis"
"1344","courtney110979"
"1339","chatGAOPT"
"1339","goblinparties"
"1327","itzme_bella"
"1323","BrockCobey"
"1306","Joneshacksit"
"1304","shawnchart"
"1297","Cheaptarts"
"1291","heart_explodes"
"1291","thuggymontana"
"1287","SupremeD14"
"1281","emmaruddreads"
"1277","FavoriteFelon"
"1266","sovereignpath"
"1263","CactusJuliette"
"1263","iWomansplainer"
"1259","grimeyant216"
"1251","1pukub"
"1247","SkiProblem"
"1246","EcheChiemelie"
"1245","LindseyClark20"
"1245","kem9z"
"1238","mrqqus"
"1234","YouOrnsWFC"
"1224","kohei_k_vv6"
"1223","HHNSradio"
"1214","the_kdott"
"1211","WrldWrldWrld"
"1208","HeyitsBennett"
"1207","njvns"
"1205","spacebunstewart"
"1203","FlLTERJlMIN"
"1199","CdngamerDad2020"
"1199","notabiaswrecker"
"1196","actualjoequinn"
"1196","goIdrushjk"
"1193","woaaah_aleeexis"
"1190","WolfMan38x"
"1189","MatthewWhitti18"
"1184","slimeystuff"
"1183","uchennannee"
"1182","seoul_therapyBR"
"1173","physwesp"
"1167","cierrashares"
"1144","derangedvminie"
"1137","Adam__Cyber"
"1135","soleilartkv"
"1132","deandramercedez"
"1131","GilJennn"
"1131","eyewashcomic"
"1127","Maryann49479023"
"1127","xannyboiyungin6"
"1122","Schweddyoshi"
"1117","livtuckwrites"
"1115","IDG2F__"
"1111","LadyYoche"
"1104","danoctavian_"
"1104","dontdateher1"
"1103","MIRallyAcademy"
"1103","thkgoditsfriday"
"1100","ChrisCanning13"
"1100","TaikaArchives"
"1090","RMCFhugge"
"1090","theemetris"
"1088","FROGinSouthPark"
"1086","TOILUPDATES"
"1085","reagansm0ther"
"1082","TheNinthWave9"
"1080","pcdillard"
"1077","lwtslittlefreak"
"1073","_bayleebrown_"
"1069","HerveKurtis"
"1068","other_allison"
"1067","BuckMcNeely1"
"1065","baezaardukaan"
"1061","DeniGT2_"
"1055","Duiiiooo"
"1046","ThomasJBlack1"
"1039","DaviidMadrick"
"1036","clkayen"
"1028","Firkin_Stein"
"1025","ArsenaLouisee"
"1024","kimzymine"
"1023","MzChinaWhite559"
"1023","Opptimiistt"
"1022","wholelottakap"
"1019","Phucat103"
"1017","Josephbassey10_"
"1013","TalkingNatchios"
"1013","pomegranatecum"
"1007","theeemae"
"1006","Hop_uk61"
"1006","driverslivcense"
"1001","praying4youhoes"
"995","Ariane_ANDW"
"995","Moremiforever"
"986","fathomslegacy"
"986","pnk_fam"
"978","micairl"
"978","saddaplan"
"950","LASTWlSH"
"948","AdrianCottin"
"948","_talimichelle"
"947","jelanithebabe"
"944","serpent_sky"
"944","thomas_gladysz"
"934","GreatestPele"
"932","rhukkey_2"
"927","zomgitskathryn"
"923","itsallgooddemi"
"914","cwu_primate"
"913","lolosdumbbitch"
"909","ishrajinderjeet"
"904","nathanOkoopa"
"903","_eskco"
"903","yunqammar"
"902","Flexd_"
"899","xSmootx"
"898","stephenmcgarv"
"896","DonnaGallipeau"
"890","WebDuBoii"
"887","_marinadrab"
"886","heyitsmonika"
"884","JamesLe28908935"
"877","giinsake"
"870","er1enney0ung"
"867","JaykupMass"
"865","ajschronicless"
"864","TheTraffy"
"858","StrangeBodykit"
"855","nothumannfts"
"851","Lanye__"
"849","mikeyishaunted"
"849","varygoode"
"848","GrazMakes"
"848","gin0bili"
"846","aprilthedreamer"
"842","harasu_onigiri"
"839","midnightriverr"
"837","LolaRoseEvans"
"837","ThSleepingBooty"
"836","laibanaveed99"
"834","Tchoumavinga"
"830","Robotchicken107"
"830","SpaceBard"
"828","bigneex"
"828","concannock"
"827","voiceofnaijang"
"825","thetasteofoink"
"821","ellamaysykes"
"818","emilyrverona"
"817","Nerdy_3000"
"815","laureeeenaaa"
"813","peggy_gabour"
"811","2blockchainz_"
"809","DraytonKnowles"
"805","VickieCeleste_"
"803","puk32ellers"
"797","infosdaestrella"
"789","Endlessao3"
"782","Nintendoubt815"
"779","wwMalu"
"778","WineandFilmLady"
"775","Dan_B94"
"771","ninaxoxox97"
"770","_HibaBeg"
"766","coolmom42069"
"763","PalmBea36778057"
"761","IceWaterHead"
"758","MagicantMyth"
"754","garrettholmes"
"752","roxananourishad"
"747","KatCarpenter24"
"746","heyatted666"
"745","YourMom_Bitch"
"745","brianne1017"
"745","meninadostyles"
"744","GGlilianda"
"744","LGBTallerduo"
"744","sonaaalli"
"742","sham_omari_"
"739","JackieAdamson78"
"737","gaybeatle"
"734","TashRamsay"
"726","KolapoRasheed14"
"725","megan_dillonn"
"724","slayfv"
"722","joa1377"
"718","evn_johnston"
"718","ifeeltheneed_"
"716","dreamingnow2"
"715","JChastainSpain_"
"715","KellyMDesmore"
"714","a11faxnoprint3r"
"713","alinailbugs"
"708","jnghyunz"
"705","branyuuu"
"697","ltfolklore13"
"696","lashay_tlg"
"688","JRWStormy"
"687","CountryFresh187"
"684","NJBeloveds"
"683","tbslonelyrry"
"679","princechimaobim"
"677","TamVivere"
"676","intell911"
"674","Rissy_____"
"670","gamedotfilm"
"669","milkydru"
"663","cantquitballing"
"661","Casy4realz"
"660","YourBoyStove"
"660","bumpkinsTV"
"659","tatted_bbw24"
"654","ReissGoncalo"
"652","greeddye_"
"652","realJoshBrownie"
"643","Gray_292"
"643","Milkdrink3rrr"
"642","mymy0nlyangel"
"640","jmlups"
"640","night_manatreed"
"640","palais_chat"
"639","juniorhoney_"
"638","Clapz23"
"637","mithovic"
"636","thePrimaRoxas"
"633","laurai_"
"631","koeunxrg"
"628","LeticiaArroyo19"
"628","hyunetheprince"
"626","lindsayquinn_"
"626","trav_kid3"
"621","SELPHYudia"
"620","bheegibiIIi"
"620","tolerateitmatt"
"617","justjuuliette"
"613","fangirllbangtan"
"610","Cameron63059495"
"610","NzuchiTimesUSA"
"610","ferra_ria"
"608","dpierredon"
"606","romasuxx"
"605","AsheliaHime"
"597","halesinreallife"
"595","Soloanna"
"595","fernvndooo_"
"594","h0metownchacha"
"593","jeongjaedimple"
"592","mebnewsitaly"
"592","thetarotman"
"591","ThisisChazendra"
"588","LikeDonyell11"
"588","mxmarvelz"
"588","odlanky30"
"584","HannnaSofiaa"
"584","asiavsxo"
"582","DiHuang"
"580","Iceman_1226"
"578","ultracryptic_"
"577","LAUDNABRADBURY"
"577","kgeeofficial"
"576","jeIIyuqi"
"575","latenightcamaro"
"574","LSDWN7"
"573","DebHoward3448"
"573","Shereka_Monique"
"568","dob_xmcu"
"563","aineiruu"
"562","BigAlTweetz"
"562","Janice_504"
"562","sIutformads"
"562","skynyrd_fan"
"561","Scholars1st"
"559","IbbyWonder"
"559","iGodriKi"
"557","PoGoSnipeUltra"
"554","mehlouddoe"
"553","JonZarlengz"
"551","StevieWildfires"
"551","ambbsantana"
"550","DaiIyLoren"
"549","melyssa_dawson"
"548","JJJamii_"
"546","FitDaddyYEG"
"546","asser_mohamed2"
"546","iamwizdaniel"
"545","Clydeside_Red"
"544","Eumahhb_"
"544","NuZray_"
"540","VolutedMetal85"
"538","kaleidoskullz"
"535","JayandRagsy"
"535","LadyAkuma19"
"535","forstandall"
"534","Alex_Scotian"
"532","aussieninja"
"532","skrubu"
"529","pbazajou"
"527","VtuberMissMisha"
"526","mrzeus98"
"526","pegcity8bit"
"524","Lordfisher2"
"524","TheAngryVirgo"
"524","seongvityy"
"523","kaoturbo_Latino"
"522","tensmitten"
"520","bloodygiggle"
"520","iam_skyenicole"
"519","afamiglietti"
"517","HeRunsWScissors"
"515","LovingSPlath"
"514","robbrutvan"
"510","tierneyyyy"
"509","pascaldupussy"
"508","ofwgktamami"
"506","onlytyl3r"
"505","azu1yation3"
"503","ftcrcloth"
"502","mckaylakathleen"
"501","1975kvz"
"500","energydrinkking"
"498","iKaren312_"
"496","Hamza_aahmedd"
"496","oshamatricks"
"495","bencics_4_df"
"495","cruelangelss"
"492","harding_doran"
"492","nihillucis"
"489","modsoul"
"488","Mintwaveradio"
"488","SpantonSamba"
"487","DDDPhotos"
"486","hustlenomics916"
"482","JassonSenpai"
"481","__covrgirl"
"481","jaguaro_cr"
"480","MariaErrichiel5"
"475","JureKastelic"
"474","teethbat4"
"471","hrts4sana"
"470","kidnamedhamlin"
"469","thecoachcoochie"
"468","MlSSB3TH"
"466","markclayburne"
"463","26kcaI"
"462","hrtsoobin"
"461","tgcyg"
"458","jeonsmaidE"
"458","yunarts_"
"456","dasiashadee"
"455","qtFlakes"
"453","Ahhhmiles"
"453","tekimadrigal"
"451","NEWSBEEP2"
"450","74sred"
"450","wata_for_voting"
"449","meghanrusin"
"448","boobsenjoyer1"
"447","VingeRenGaoma"
"447","cai_limaa"
"445","RaNeezy2"
"445","atinyLys"
"445","lalladeer"
"444","BYUfan2005"
"443","kvitalep"
"438","laurenwelten"
"437","Crypt0Invest0"
"436","TVABlogger"
"435","macridc"
"432","MarcelNtm"
"431","lemontttttt"
"431","whu_hearney"
"430","IronSonUSA"
"428","ReallyDanWeiner"
"428","eromsidem"
"427","lightsonmusic"
"426","TisdalesDaily"
"425","Kevtro_"
"425","hesangeljp"
"424","YUNBALM_"
"423","aespahw"
"417","kidpesto"
"415","firearmsteacher"
"415","kimberlybosnak"
"414","PMorris185"
"413","daddyleou"
"413","hiiimer0s"
"413","ourcardiganz"
"412","m_touray9"
"412","wis_ra_urus"
"410","big250mlx10s"
"410","minseok00k"
"409","E96137"
"409","darknwesswess"
"408","CJJ_HUSKSEY"
"405","geisha_tweeter"
"405","ugottabejoeking"
"404","OnlyTrulyArt"
"402","swigyeah"
"400","wasbiggsbrother"
"399","YoungSwave1"
"398","GoodLightingRy"
"398","dolly_meta"
"397","Lemming4Nota"
"397","MeisterYannick1"
"394","librawho_"
"392","LvurenxE"
"392","Murraypalooza"
"390","VOCcrime"
"390","halestorm_phl"
"389","Gilman_Ltd"
"388","StarTravelerVT"
"386","imagestrmpress"
"386","itsjusttliv"
"384","bashairali"
"384","itzmejic"
"383","WeebitB"
"382","camryntamiaa"
"382","chimmychimlover"
"380","GuarddianCorps"
"379","ItsMercimek"
"377","louslittlegay"
"375","raptorexx_"
"374","kaywiththevibes"
"374","the_unswerving"
"373","2Psychic"
"373","KetchupDingus"
"373","Ronovetok"
"371","shahanahzaynah"
"370","JosephKlenk"
"370","lexiip23"
"369","RaysPizzeria43"
"369","divorc3core"
"367","ItzMrGucciGreat"
"365","Linksy502"
"365","fratspeaker"
"364","dowderadorer"
"363","deftoness911"
"362","HaknarIronfoot"
"362","Westsidedonniep"
"362","shinchan_0424_"
"360","Takabon_1024"
"360","Thatonepixie"
"358","moonateil"
"358","softhadesvibes"
"356","ulfatchtch"
"354","NewsfeedsMedia"
"351","CMendezWins"
"350","8junhao"
"349","MelgotCourt"
"348","santamonica"
"347","rebekuhsdavis"
"343","CanIGetACleezy"
"343","KatieDouglasHQ"
"343","zigmenthotep"
"342","23Updates"
"342","Gracemahony5"
"342","VAALIVAITTELY"
"341","SievertVan"
"338","A_lexOrejel"
"338","asteroidfields"
"337","Bronx161Street"
"335","50shadesBooshay"
"334","danvzla"
"333","teachermowich"
"330","joost_kb"
"329","ArkhePlaylists"
"329","ehsangazar"
"329","macaroon_joon"
"328","Amrwaleed__"
"326","RuthlessRetard"
"325","HyunjunHur_IDN"
"325","amandelmelk444"
"318","x_bidisaster_x"
"317","Ishdeepsingh001"
"317","WhoKiko"
"317","c0mmieraejepsen"
"316","FTCL13"
"316","SaQeArt"
"316","TheePocha"
"315","shadyydaae"
"314","Volvojo1"
"314","ifyougetIost"
"314","spiritmessages7"
"313","hsmithhhh"
"310","Jerseysaun"
"310","Rockman_Ruby"
"308","juhyunupdates"
"304","tizziexoxo"
"303","MAKAYLACHANTEL_"
"299","Leplade"
"299","it_sece"
"298","Najeeb"
"298","sweetenerFM"
"297","Sailor_Mikey"
"297","samulangitnawa"
"295","ch1cken_t3nder"
"294","LWillox"
"294","bwassjyo"
"293","brdynevor"
"292","DramahGG"
"292","abelmakkonensbm"
"291","_Tenaysia_"
"290","NoBandxz"
"290","crazirockerchic"
"290","jadegorgeyyhunn"
"289","RobertHacks_"
"287","Posposmansour"
"287","RDiane877"
"284","BigBlueAllDayIG"
"282","mkpulu_nma"
"281","C_jw_"
"280","RohraHitesh"
"280","cosk1005"
"280","i97bahngs"
"280","mariaevaelena"
"279","Wheres_TheGiant"
"279","happynigel_"
"279","kamaldeethug"
"277","thewritermuse"
"275","Gobbleghoull"
"274","Weirdandquirky1"
"274","emmapiscia"
"273","MxDahliaBelle"
"272","wilsonjmashaka"
"271","denniskeith083"
"271","foxyj_hoopsfan"
"270","lavajojo"
"268","ArcticEllie"
"268","_baniazz_"
"268","tuchesuavae"
"267","taycadie"
"266","heymissmurdear"
"265","taehyunxg"
"264","AndreMack_"
"264","alicdssh"
"264","eli4wambs"
"263","JustHereAgain5"
"261","AndDropkicks"
"260","chatoyancy_D"
"260","taesbestieeeee"
"257","EduardAdam25"
"257","Pablofe007"
"256","Elevated530"
"256","TylernolLFC"
"255","superjuice2pt1"
"254","AntBlanchard34"
"253","Cryptowis2020"
"253","ruebennettfilm"
"252","GjWingfield"
"252","Paolaaanicole"
"249","dwarner1220"
"248","PsychoFroggy"
"248","bigbillswill"
"248","hbthrowbacks"
"248","stacy44_"
"244","sikodayo"
"243","ChaoticJersey"
"243","pierre_lnts"
"239","Dirukutinmao1"
"239","JanyceHamilton_"
"239","imemilymeisner"
"236","jamesaldrich25"
"234","PatriotsCave"
"233","unhingedaj11"
"232","SKarolDaily"
"232","VVLieberman"
"230","GPRBurns"
"230","regnis_tegra"
"229","Nooorkh"
"229","bruhgabhere"
"229","hug09580765"
"228","collette_ryder"
"228","jaleno316"
"226","Hyvas_The_Zoo"
"225","TradedBoston"
"223","OnyxiLive"
"222","FutureHitsRadio"
"222","StarlitShoal"
"221","CFLGURU"
"221","alexhurshey"
"221","centralsimasrod"
"220","arianalupascu"
"219","CheckpointAt"
"219","SwampRaider"
"217","audrey__maria"
"215","transitarium"
"215","xdiorez"
"214","DJOverDrive3"
"214","deisearaujoooo"
"213","irckodds"
"213","nestbones"
"213","schuysocmed"
"212","BeastyGus"
"212","h2z_desing"
"211","gnglexie"
"210","elenaa7e"
"209","meraaboiii"
"208","jaylynngilmore"
"207","Hailos_"
"207","nitsssss_"
"206","UpdateHadidGigi"
"204","GBH68"
"203","IzaacBaca04"
"202","ghost_forest_"
"202","ilpinguicorno"
"202","kala_rosine"
"201","Alexsan16137953"
"200","BarbarosOzturk"
"200","Yelowskies"
"199","eduaaardiin"
"199","zArtTonx81"
"198","ItaliaMaxtul"
"197","MUNE09"
"195","EmiliaMdaily_"
"195","fanartdevourer"
"194","RageAndBunnyTTV"
"194","naminami106"
"194","nke_babyyy"
"194","psyCongruu"
"193","SHHS_STRENGTH"
"193","_TVExtra"
"192","RunRtco"
"192","luvconliv"
"190","shiestheman"
"190","vibingingaffa"
"189","Alikhaleesi_"
"189","Lezzy__mcguire"
"189","Soul_Dispatch"
"189","pinelyupdated"
"188","acmasocal"
"188","ukpmor"
"187","prettybunniii"
"186","JodyMousseau"
"185","Ca_in_situ"
"185","_jessica_leeann"
"183","sadieflow99"
"182","DeanaGiddings14"
"182","PeymanBateni"
"182","PoGoSnipeNundo"
"182","merit_j_"
"182","teishaleshea"
"182","xTINAtime"
"181","frankieihedinma"
"178","masafalcon4258"
"177","KaisaSolstys"
"177","alebricolibri"
"177","behanthescene"
"175","SaintFelixVI"
"174","BjorgvinUpdates"
"174","kwindiff"
"174","riedamxz"
"173","ajsmith1414"
"173","jjordyyy__"
"172","NukSoCow"
"172","abbie87674"
"172","jamymd09"
"171","ImZakAston"
"171","WoodsLiger"
"170","CraigConklin"
"170","LilyNBCMT"
"170","ZeglerDaily"
"168","MarieAphelion"
"168","Pengu808"
"168","TimbusAbi"
"168","dojasmotiv"
"167","BestOfJaimieA1"
"167","Mihaela96028483"
"166","annagrjj"
"165","Hart_throb02"
"164","RtsStream"
"164","rocco__rola"
"164","skylerwhitefan"
"164","yourplaybookau"
"163","OccupyAntrix"
"162","_desstinys"
"162","jercorkery"
"162","l1gutzz"
"161","Aluylol"
"161","Joellllly"
"161","Schall_n_Rauch"
"161","missy_gardiner"
"161","sparksflystill"
"160","madelynflorals"
"160","naygarcia7"
"160","pebblescrc"
"159","hookedondreya"
"159","oxyPAUcin"
"159","riahthepisces"
"158","LiaEng"
"158","SCarmel_Author"
"158","drtycheerios"
"156","BazChandler"
"156","NASHtronaut"
"156","charlotamere"
"155","MJ_Tsuki"
"154","JoshuaEddleston"
"154","RMcNuttUK"
"154","Y30LVR"
"154","alleonma"
"153","CentralKJenner"
"152","AvaInfoCanada"
"152","killatsight"
"151","LetsPlayGamez11"
"150","cmouse35"
"149","HerediaAnt"
"149","empyreaname"
"148","luckittychuu"
"147","Bigmfjayy"
"147","catchahommy"
"147","ezdlge4gQasVzFn"
"147","s2entimental"
"146","cal_baldwin"
"146","morangaweb"
"146","reid_cate"
"145","Five2NineGaming"
"145","ViseElite"
"145","cartoonboyy2"
"145","samkerssengriep"
"144","88minsa"
"144","S4ENDlNG"
"144","VNU_Iowa"
"143","itsmarslaynes_"
"143","phoebedbr"
"142","LexerD1986"
"142","born_blackpink"
"142","d0ggospottings"
"142","qryysfsgi"
"141","NORNxyz"
"141","RyanFromOK"
"141","bisbabelba"
"140","AwareOfBreath"
"140","dracultism"
"140","evaaldaa"
"139","ezbandofficial"
"139","playboisyco"
"138","AlexandraaaEs"
"138","Jessy61786052"
"138","jacover_diane"
"137","PerezBtch__CmF"
"137","prettypopmusic"
"136","2TRiders1"
"136","KissReacts"
"136","Phoenix00Knight"
"136","ReneighLili"
"135","JonCarter_UK"
"134","nabekyo_3"
"134","newsofdigital"
"133","deadass_chakra"
"133","gabriel_mandus"
"132","demarcuslaney"
"132","straykalz"
"130","ConserLibrarian"
"130","westernwaves"
"127","RisaMichelle18"
"127","anroxic"
"127","cadesauce"
"127","doub1edup"
"127","silverhairfanc1"
"126","Treesbeesplease"
"126","safespacesungie"
"126","watercrowns"
"125","sunlesstrine"
"124","sareythefairy"
"124","satellitebrbrry"
"124","woohoo97645783"
"122","MetroGranny"
"122","balloon_bowtie"
"122","riyazxsmriti"
"121","DigitalDeals9"
"121","Elfin63956824"
"121","Lycatic"
"121","YugiZimtstern"
"121","keizerlester"
"121","tomattoy"
"120","davyinthegravy"
"120","liujaehan"
"119","PaperDabba"
"119","louistwatchesme"
"119","wh0rganization"
"118","TattooUf"
"118","mowazakii"
"117","Crystal82842626"
"117","FATIMALiete"
"117","lonna6187"
"117","riptfl"
"116","KamiluAwwal"
"116","debertrand"
"115","getajobnegro"
"115","wigglytrash"
"113","17missliberty76"
"112","RetroActiveGM"
"111","cammaartinezz"
"111","chloebecketts"
"111","mufcRyan__"
"111","totalsexhaver"
"110","bts_charleston"
"110","gerimay04"
"110","salehmarey"
"110","wockhardtwakeup"
"109","Nereaav23"
"109","luke_mots"
"109","spookybhex"
"109","thisisourmcr"
"108","Mr718Sincere"
"108","TheOrlandoFairb"
"107","DSpub1ic"
"107","Hunnebrown1"
"107","OlagokeOladiipo"
"107","PH_Pahiram"
"106","PhyoZayYyar"
"106","halloumimi"
"106","therealtybulls1"
"105","anazlls8"
"105","virgoIite"
"104","orenseverus"
"104","shotbyxniya"
"103","KBMP6"
"103","Melissa45887095"
"103","dumbaitola"
"103","spidersintune"
"102","ericdoaarchive"
"101","lovingseonyu"
"101","whalien52"
"99","EagleUmbrella"
"99","MScottCason"
"99","missin4mati0n"
"98","googoomars"
"97","ObfuscReality"
"97","allthingswlr"
"97","asitwasdarling"
"97","terienne98"
"96","CryptoWhalesFam"
"96","smcadnd"
"95","Entertainsyou"
"95","joolsfilms"
"94","c0smiccrystals"
"94","trans_pIant"
"93","Rose97735202"
"93","novemberkilo17"
"93","sailoryue"
"93","snokoplazm"
"93","uncleesav"
"92","Bitchpostcent"
"92","Idkwtfisthisyrr"
"92","SkippySkittle"
"92","loganrunagain"
"91","benczgy"
"91","blaaackgirll"
"91","cuco_radio"
"91","hoodieCello"
"91","zanguezinha"
"90","GLmom73"
"90","Recipe4Groo"
"90","dsdpdante"
"90","nicodockter"
"89","Bdizzel4life"
"89","UMARKHALIDButt2"
"89","VNadineUpdates"
"88","Soivana07"
"88","TheMiaMiMiSims"
"87","MeltUpdater"
"86","dave_wyc"
"85","DEDGIRLWLKING"
"85","MattAngleyPhoto"
"85","dynevorfiles"
"84","Chris_Tabel07"
"84","SHSL_Instagram"
"83","_Mr_Swick"
"83","edwardmcuIlen"
"83","michaelholderb2"
"82","ABudrac"
"81","HaleyMichelleKS"
"81","freakazoid2222"
"80","Alvarogh77"
"80","mibbbly"
"79","Lupen7530Teo"
"79","TechnicalKnives"
"79","hoechlinthings"
"79","misozoh"
"78","gracemonroy99"
"78","griffoncc"
"76","Pavilm"
"76","crixgarca"
"75","D00DLEM0N0"
"75","Tiffany2hearts"
"75","srutip4786"
"74","HordeBanana"
"74","KrisHamarowicz"
"74","caesarupdate"
"74","zataraxzatanna"
"73","CPechany"
"73","Raps_77"
"73","hyper_gloss"
"72","ZoeTrumpetUps"
"71","ExstSince1984"
"71","mein_u"
"71","thebullishkiwi"
"70","Anderso13764874"
"70","NourArdaknDaily"
"70","itsmakus"
"70","xSilverCrescent"
"70","xoJamilaxo"
"69","parksponge3011"
"68","MrjesseV"
"68","TheTrickyPossum"
"67","CourtneyL89"
"67","Fahad25395401"
"67","Jolees_Thoughts"
"67","ScarletsWitchv"
"67","chefkarllo"
"66","_viryr_"
"66","classic_dae"
"66","l0ser4y0u"
"66","seedsofculture"
"65","Nigelh7n"
"64","DukeFilesmoker"
"64","PurpleMyrtille"
"64","TJTSlayer"
"63","Maxii2707"
"63","pepricadoll"
"62","Aguayoa15"
"62","KzOneleaf1"
"62","_Goofball_x3"
"62","azade47769212"
"62","calmyapassions"
"61","bigbanktrendy"
"60","1Domonick"
"60","bigchux1"
"60","wirefullhabibi"
"59","SeeneyCJ"
"58","chris_0rtega"
"58","kkawagirii"
"58","micromachete"
"57","Pacey45685671"
"57","da_beavs"
"57","djcnightonline"
"57","kiwinyanca"
"57","laneadean"
"57","nacsmna"
"56","Selina13840768"
"56","grunmgegorl"
"56","yuutafication"
"55","Kostastina11"
"55","TLO88"
"55","buckey_robert"
"55","daiixin"
"55","proud_haru"
"55","zerotwomix"
"54","Alejand70037478"
"54","T_SWEETWATER"
"54","aklaloid"
"53","SBlighter"
"53","riririsingx"
"52","JeonblissY"
"52","_Quantum_Radio_"
"52","ag1aaa"
"52","caramellmacitae"
"52","daffodildreams"
"51","SuperBirder"
"51","appenzeller202"
"51","youngii_muller"
"50","710Goofballrob"
"50","A_SeanRobinette"
"50","Kitty_OwO88"
"50","cecinaldo7"
"50","kaeligibbs"
"50","zaidi_g1214"
"49","PrimadonnaBang"
"48","ChaceChace8"
"48","JackRobinson989"
"47","00V4L"
"47","49percs"
"47","Endybaby3"
"47","picante__e"
"47","trendzfriendzBR"
"46","Kyasupa_and_Dog"
"46","luseegems"
"45","Jswaggzzz"
"45","la_mentationn"
"44","Ghost__Software"
"43","0akracha0"
"43","MilesKunnn"
"43","PakistaniMan77"
"43","Ro_Ro_8891"
"43","Sandonbeach00"
"43","damiensupremacy"
"43","m__ark0208"
"43","richjrunning"
"42","Greg_Gordon"
"42","PresadK5"
"42","nebbuko"
"42","stirfrysautee"
"41","Re6ceUpdates"
"41","The_webhackzz"
"41","abbxterz"
"41","rodgersdarius"
"41","thomascarle"
"40","thespicymike1"
"39","3Brando_"
"39","MattSte73378593"
"39","harrys_hiatus"
"39","meySccp"
"38","DohjSurfing"
"38","abroadscholars"
"37","Brykhp"
"37","fanfliks"
"36","AllandaleUnited"
"36","Bach_is_Bach7"
"36","BnbBloodlust"
"36","H_HoCLZ"
"35","Ash57610568"
"35","hanhlikehansolo"
"35","kudzuinga"
"34","ArthurShony"
"34","Brisfoot"
"34","DolleteDiarrhea"
"34","TGseminar_MBA"
"34","sanja_masic74"
"33","JakoobBot"
"33","SubtleSubbie"
"33","albanianman762"
"33","funkoeire"
"33","woozi_time"
"32","Bot_of_Jess"
"32","HueyNinja1"
"32","NancyMitchelll"
"32","Phlexzy5"
"32","lunar_tearz"
"32","nuderobbo"
"31","BunnyRae22Gamer"
"31","MagentaCookiez"
"31","Mfb69420"
"31","abadbitxh"
"30","Freddiebeatzz"
"30","Lord_Tellys"
"30","Verk_T"
"30","backandbetter_"
"30","jaylynnnxo"
"29","Jonesastro02"
"29","PalmasSmoke"
"29","champagnekait_"
"29","dirtycoochie"
"29","loki_kaput"
"28","MasterItMedia"
"28","RfowwazRamy"
"28","bookwormyangel"
"28","realbigbhadwolf"
"28","tausiinsider"
"28","thundergotplump"
"28","zone_17blog"
"27","WesleyP38204803"
"27","jakke172"
"27","madisonjilrees"
"26","BowieDaBoy"
"26","KCERacing"
"26","Millie65677541"
"26","cardamariea"
"26","curtis_antwoin"
"26","linapitelzinho"
"26","timeforjk"
"25","KlaraHLloyd1"
"25","Muhamad95376996"
"25","migos39"
"25","prokidoki"
"24","5dayBiblereadng"
"24","Evansmary_joy"
"24","GroundUpDevon"
"24","PICK___UP_LINES"
"24","Triple_Pep_Boy"
"24","christians_team"
"24","hoshiiitan"
"24","ikari_fps"
"23","BinderMiku"
"23","OscarG_VIT"
"23","RobertARandow"
"23","TASTYCHEEZE"
"23","imnotpambeesly"
"22","floran0va_"
"22","iancidios"
"22","lovelyboy_hyune"
"22","thechrislola"
"21","ninibekinha"
"21","ray_hacks32"
"21","shambabyyy"
"20","AshhOn_theWater"
"20","Dorkinic2"
"20","Jane82501718"
"20","ThomasCarle6"
"20","cherriesjun"
"20","s3tbck"
"20","talesofrhandy"
"19","MarshanDucky"
"19","WhenitP"
"19","brains1of1"
"19","ggaminee"
"19","jualfollower38"
"19","nbndevoice"
"18","Medlink_Solutio"
"18","_BigLord55"
"18","satonakamotto"
"18","sazzy3000"
"17","CryptFlower"
"17","KevinTomes6"
"17","Ky71281481"
"17","ShannonBDaily"
"17","kos_christina"
"17","sqwelchhh"
"17","transtyong"
"16","Easter12V"
"16","JoeMillennial"
"16","_Nexxus_IG"
"16","chokobuns"
"16","debraboutique"
"16","madeyoulook76"
"16","serial_titty"
"16","slaygirliepopp"
"16","whnawmnisaround"
"15","77fenrir"
"15","AlexAmesWriting"
"15","JusstJosshin"
"15","cartmanfan001"
"15","oasisfanboy"
"15","sa7urada"
"15","slime_jpeg"
"14","Brian_Hi1"
"14","CHINMOY08364923"
"14","NzuchiTimes"
"14","iamsortaok"
"14","prabalkghosh"
"14","silkymule11"
"14","totorika64"
"13","DesignerBlake"
"13","JJKGOLDENRAIN"
"13","Pastralandia"
"13","PlSSBOYMURPHY"
"13","Thozama68753735"
"13","izzndizz"
"13","mynamesjoemama"
"13","nunofyurbidness"
"12","Alan_marc50"
"12","Assassin_Ne0"
"12","JesemT"
"12","RRL_Pulseir"
"12","TheBusinessDoc4"
"12","beebeevayveee"
"12","eporuebot"
"12","jatisgroups"
"12","princess_haeraa"
"12","rso_m4"
"11","3rdvmillan"
"11","Boomer29275471"
"11","BrenaStefana"
"11","Deandra60821094"
"11","DunkinRadi0"
"11","Mouna080921"
"11","SamWitTheBike"
"11","bbluehoneyy"
"11","mypeace123"
"11","takakisser"
"10","1250rainberg"
"10","Azmo97383713"
"10","ElonMusk_Rocks"
"10","MeneryMikey"
"10","RyanJen56704709"
"10","Thomas501st"
"10","brayan124719457"
"10","hedialfutra"
"10","hettingeresar"
"10","kachabs1"
"10","lishellerose"
"9","BickfordDeeanna"
"9","Bigmantyrese_69"
"9","DFucknut"
"9","GracsO_Athlete"
"9","Pakistanistore1"
"9","algunas_caras"
"9","emilyw61797"
"9","mxrchmelloncola"
"8","Av_inspiration"
"8","Tatacabnews"
"8","ajokenotajoke"
"8","buckaROoSoap"
"8","cartiluvr03"
"8","gtrlover125"
"8","miafrank2005"
"7","BraTired"
"7","EswayMusic"
"7","HilessysSecret"
"7","JamieVmgmmx44rw"
"7","Vitauuum"
"7","esse_onome"
"7","hyuckkisser"
"7","nicoleebulliss"
"7","petewool"
"7","ringnugget"
"6","Al_Vo08"
"6","BBroaArt"
"6","Dorelybrasil"
"6","Ellie12713540"
"6","GynoJames"
"6","JOSEPHGARGANO57"
"6","Jahndre3000"
"6","KDiyke"
"6","Meinkamphiem"
"6","StacyZieler"
"6","TheMindBodyLook"
"6","WinestleMotors"
"6","brekke52qnwh"
"6","glockluver"
"6","nosemeaguite"
"6","stevelacyfan123"
"5","BiggestBigQ"
"5","RandiHDodson"
"5","SlazSwag"
"5","SurreyClearance"
"5","Thenailslifes"
"5","_LivinWithMe_"
"5","alivirus364"
"5","byunbunnnyy"
"5","iamblondfox"
"5","kzfvv_official"
"5","motmotkii"
"5","naayxxung"
"4","CollectaHobby"
"4","Edwardjudge0011"
"4","JiChanceFanpage"
"4","M1na_aogo"
"4","TLKarr"
"4","evasivecat"
"4","instagram_fonts"
"4","maryjpoppin"
"4","nermin_dakori"
"4","stev1edude"
"4","towne56rfpkx"
"3","Benjami52523476"
"3","FreedomsGotYR6"
"3","LiveNew86713223"
"3","Mecia2000"
"3","SaintsUnitedORG"
"3","hwitagme"
"3","jerseygirlscout"
"3","lewis_capadi"
"3","miraculer2_0"
"3","sashidash09"
"2","N0ANGELNUMB3RS"
"2","RapVideoTv"
"2","SacredCallings"
"2","Stroni78"
"2","fuckingthing"
"2","hannah83027538"
"2","iammisterjeng"
"2","jhsokluuv"
"2","key42s"
"2","kyanite_cstudio"
"2","madampenniee"
"2","tachy4wn"
"2","welleeDee"
"1","CalmGenius24"
"1","JavonteBanks"
"1","Jeccabass"
"1","LashTalkShow"
"1","MELODYCENSON1"
"1","MannyVeeee"
"1","Marysmi59538559"
"1","OnliE1in1000000"
"1","RythmicManju"
"1","ShergillMonrose"
"1","Yeehaw04118694"
"1","cab29ste"
"1","ggfuryop"
"1","kkummiwsoo"
"1","kthv3012v"
"1","oli_via409"
"1","reddieiscool"
"0","Austin_brown01"
"0","Daddysgirl3359"
"0","DozyDust"
"0","Hannibal_1882"
"0","JessejamesJJP"
"0","KhofiVybz3"
"0","Kinglet81666843"
"0","LindaMc40404263"
"0","Lisagb42592855"
"0","NotJorJor_"
"0","WeeeWolly"
"0","kookie6272"
"0","shemarreid83"
"0","sweetpevv"
"0","thegrayfalcong"
"0","vendetta43"